s,o,h,l,c,v,date,psar,PosDI,NegDI,ADX,accumulated_sentiment,forecast_price,actual_label,predicted_label
,2255.17,2330.72,2229.91,2260.19,1076016889.0,2023-01-01,1979.488832,64.13325956,3.796369741,61.47417883,0.17595,2272.964934519537,1,1
,2265.95,2295.84,2228.21,2294.62,833378024.4,2023-01-02,2014.611949,52.86940086,3.571087792,66.64847356,0.281833333,2256.598107233636,1,0
,2293.18,2326.24,2264.38,2288.26,803522281.7,2023-01-03,2046.222754,52.24627836,2.973900159,71.16456621,0.133442105,2261.923734989587,1,0
,2289.3,2384.05,2272.77,2384.05,1061623313.0,2023-01-04,2074.672478,52.16532303,2.161210733,75.34037844,0.40605,2268.3033070083134,1,0
,2397.73,2430.75,2353.53,2426.31,1399562863.0,2023-01-05,2111.797781,53.75790943,1.747082892,79.01325717,0.258834242,2259.8450372910143,1,0
,2432.52,2528.48,2390.49,2480.17,1687748281.0,2023-01-08,2156.451092,58.87312431,1.223429356,82.39629657,0.196415789,2267.805181348528,1,0
,2481.73,2605.03,2473.75,2602.78,1821999981.0,2023-01-09,2215.975717,58.72527394,0.901938611,85.31198559,0.150984615,2272.6445638970813,1,0
,2611.25,2733.06,2534.05,2586.66,2805859676.0,2023-01-10,2286.005488,60.58952136,0.602119821,87.85599235,0.160220982,2285.990052839974,1,0
,2602.64,2656.46,2508.4,2528.44,1997070969.0,2023-01-12,2375.41639,46.28193857,4.550830867,86.70377249,0.243593976,2288.9249456450448,1,0
,2535.6,2661.86,2502.03,2655.83,1654072755.0,2023-01-17,2446.945112,35.09825564,4.414219181,84.89433391,0.0857,2297.5080797808764,1,0
,2661.96,2751.27,2661.96,2678.54,2419764293.0,2023-01-18,2502.03,44.05015069,3.739702751,84.78534432,0.2175875,2303.5296867356424,1,1
,2687.26,2721.41,2656.31,2706.07,1221183908.0,2023-01-19,2502.03,38.97255529,4.309043069,83.8459428,0.267289205,2298.855627453959,1,1
,2709.1,2714.26,2630.65,2640.62,1319150486.0,2023-01-23,2551.878,32.88674001,8.428616239,78.9164797,0.22074375,2301.0066269904864,0,1
,2640.44,2668.75,2583.24,2668.75,1129789811.0,2023-01-24,2751.27,27.41404021,16.25243912,68.2453894,0.267021739,2302.016979901775,0,1
,2675.89,2727.38,2654.03,2705.31,1430462259.0,2023-01-25,2747.9094,35.3660293,13.79157377,63.37397934,0.180657143,2299.944477012529,0,1
,2703.96,2750.93,2694.18,2727.52,1311432128.0,2023-01-26,2583.24,36.14924489,12.02996512,60.71150196,0.130678596,2719.890939447943,0,1
,2725.4,2757.48,2665.38,2718.8,1286530452.0,2023-01-29,2586.5938,28.70994938,15.98952143,54.2607356,0.2507875,2720.4672064309398,0,1
,2720.12,2731.21,2631.66,2639.01,1365651059.0,2023-01-30,2593.429248,22.4638553,19.88009965,44.62895424,0.210947619,2732.36592713007,0,1
,2639.44,2689.62,2596.77,2639.61,1094582302.0,2023-01-31,2757.48,17.91882921,23.46059267,38.38167518,0.218094444,2715.4368378838517,1,1
,2643.35,2663.31,2624.15,2643.5,603555891.5,2023-02-01,2754.2658,16.19173415,21.19935824,33.38385193,0.207326316,2735.3201319924574,1,1
,2643.3,2647.87,2578.46,2588.99,756989632.7,2023-02-02,2751.115884,13.34247267,29.05235792,34.11830835,0.267882175,2741.0760632543925,1,1
,2588.59,2638.87,2572.15,2596.43,649689359.2,2023-02-05,2744.209649,11.01374827,25.63236385,35.27290944,0.117916667,2738.356839797564,1,1
,2600.55,2613.17,2579.24,2600.01,456739651.0,2023-02-06,2733.88607,9.913828497,23.07251382,36.19659031,0.214694118,2737.13419561451,1,1
,2599.47,2738.68,2598.89,2738.68,1305140344.0,2023-02-07,2572.15,37.04075299,15.23628381,37.29916403,0.18126,2735.5690215038517,0,1
,2748.79,2785.18,2695.74,2711.32,1385907867.0,2023-02-08,2575.4806,40.23406343,11.98169446,40.66072695,0.26184,2742.2241899307596,0,1
,2710.1,2738.67,2686.31,2738.67,814397804.8,2023-02-09,2583.868576,34.79513296,12.79660496,41.77326519,0.298282937,2745.0342480007225,0,0
,2723.09,2723.09,2618.73,2628.01,1247330291.0,2023-02-12,2591.921033,25.08527469,24.94908565,33.47305036,0.331936648,2742.584872156766,0,0
,2627.33,2630.46,2591.41,2603.75,633900540.1,2023-02-14,2785.18,22.52690699,29.53976814,29.47224054,0.243392857,2746.7532979643897,0,0
,2603.3,2624.68,2560.85,2579.25,665674643.0,2023-02-15,2781.3046,18.64222356,32.70198724,29.05446194,0.283575,2742.6221889110034,0,0
,2580.21,2592.99,2532.63,2541.66,624185116.2,2023-02-16,2772.486416,15.48563798,35.08113717,30.99391517,0.14511875,2746.045059601465,1,0
,2541.49,2541.73,2503.11,2517.61,548515123.9,2023-02-20,2758.095031,13.63864916,40.01370519,34.6269676,0.186962733,2518.25875751396,1,1
,2527.07,2617.57,2520.27,2614.53,645437029.9,2023-02-22,2737.696229,30.96644284,28.87228949,28.40150648,0.28155625,2528.7883683197197,0,0
,2614.71,2614.82,2535.15,2556.46,652562760.1,2023-02-23,2718.92933,24.24172928,22.60234503,23.42113757,0.050700397,2524.511555375581,0,0
,2540.21,2575.34,2457.84,2575.34,808044967.7,2023-02-26,2701.663784,17.31124212,34.95094022,25.4873737,0.216652632,2538.523330780704,0,0
,2574.78,2593.24,2504.62,2567.93,697287491.3,2023-02-27,2677.281405,17.92424494,27.53065495,24.61668641,0.1767625,2541.213506521867,0,0
,2569.02,2615.25,2549.75,2591.86,586716289.9,2023-02-28,2655.337265,20.49529105,23.01611653,20.85204549,0.204673684,2536.8785276513654,1,0
,2598.22,2605.77,2550.6,2556.91,426018866.8,2023-03-01,2635.587538,17.47774501,19.62742636,17.84033275,0.257715789,2527.765607552839,0,0
,2562.8,2563.19,2510.82,2516.76,408439312.9,2023-03-02,2617.812785,14.87849312,28.00501153,20.39420913,0.294534392,2523.409512110109,1,0
,2514.29,2518.61,2459.2,2463.71,383946795.6,2023-03-05,2605.77,12.28726728,38.2599761,26.59197472,0.38139,2518.8323354682943,1,1
,2464.71,2521.11,2463.84,2504.86,317296705.3,2023-03-07,2590.977,10.9088555,31.61109951,31.01124014,0.18106,2517.3320664800626,1,1
,2509.05,2596.26,2509.05,2594.9,614254317.7,2023-03-09,2457.84,29.23619071,23.48699712,26.98988967,0.225646654,2511.2090198812907,0,0
,2601.32,2617.38,2548.87,2556.83,617252342.1,2023-03-12,2460.6084,29.54503439,18.92893913,25.97203347,0.1579,2514.1240891948864,0,0
,2556.47,2556.72,2521.45,2540.48,375934394.0,2023-03-13,2466.879264,26.25582248,25.44973976,21.08942407,0.323742857,2513.242462413867,1,0
,2541.38,2572.51,2519.03,2559.45,345038403.0,2023-03-14,2472.899293,26.82400054,21.02668981,19.29462268,0.272321053,2513.964802604199,1,0
,2560.66,2562.45,2523.66,2549.76,363140829.6,2023-03-15,2478.678522,23.17265678,18.16448913,17.85878157,0.256316667,2515.7153751734418,1,0
,2551.66,2571.12,2524.47,2550.0,378671482.5,2023-03-16,2484.226581,22.39338632,15.07888455,18.19097962,0.229200366,2545.837282967875,0,0
,2549.84,2562.21,2537.72,2556.81,347716644.8,2023-03-19,2489.552718,20.14751104,13.56659456,18.45673805,0.1232,2549.290336346302,1,0
,2555.31,2616.67,2543.39,2613.4,440181270.8,2023-03-20,2494.665809,34.92469063,9.865738769,25.95481291,0.298171591,2538.4867606758353,0,0
,2616.29,2636.66,2580.39,2586.57,445909090.3,2023-03-22,2499.574377,35.04928842,7.818545848,33.46836085,0.16839,2533.2214348625685,0,0
,2585.7,2585.7,2539.75,2549.98,364289474.8,2023-03-23,2507.799514,28.82767192,21.83867377,29.53352122,0.16547577,2540.5767463413567,1,0
,2549.26,2549.26,2508.86,2525.79,349649347.4,2023-03-26,2636.66,24.12610198,30.52870545,25.96974115,0.185689286,2548.0645795015375,0,1
,2527.06,2569.34,2492.31,2569.3,413030138.5,2023-03-27,2634.104,24.66269797,22.09182733,21.87552417,0.18964,2546.8180258973825,0,0
,2572.23,2601.0,2555.27,2575.62,469787256.3,2023-03-28,2628.43224,32.24757978,18.33223957,23.00274829,0.107785714,2542.5505093472684,0,0
,2578.65,2581.06,2547.56,2574.66,245277946.9,2023-03-29,2622.98735,27.89983675,18.96357733,22.21594528,0.298907692,2545.0143428135502,0,0
,2574.13,2588.79,2547.44,2554.17,280144374.5,2023-03-30,2617.760256,26.31460537,15.69805095,22.82673536,0.198840476,2545.10337148272,0,0
,2554.53,2569.3,2492.42,2512.5,421460149.7,2023-04-02,2612.742246,18.79341592,31.66614176,23.36358356,0.22206875,2543.0817786732077,0,0
,2512.15,2512.15,2471.32,2479.86,307399679.2,2023-04-03,2607.924956,15.77463284,34.81004063,26.21702309,0.264463636,2544.9043767840235,0,0
,2480.77,2507.2,2455.33,2484.26,261075275.3,2023-04-04,2599.728659,12.59039525,34.00604523,30.16558668,0.198781818,2542.7442240042947,0,0
,2485.74,2501.53,2461.72,2494.5,221717789.8,2023-04-05,2588.176766,10.54775384,28.48897011,33.32443755,0.141119048,2542.0722119166016,1,0
,2493.96,2500.22,2458.83,2465.93,268534831.8,2023-04-06,2577.549025,8.711059066,24.74399525,36.24431175,0.401819883,2543.572081389719,1,0
,2465.93,2466.1,2399.26,2408.03,342888812.7,2023-04-09,2567.771503,6.445464276,41.48792613,43.61676517,0.37035625,2458.690737872952,1,1
,2409.83,2430.34,2393.23,2413.99,320200436.6,2023-04-10,2550.920353,5.459947019,37.62887013,49.82486082,0.33242,2465.6252145175877,1,1
,2415.49,2457.12,2406.08,2451.92,299879999.1,2023-04-11,2531.99751,15.24492062,29.79633144,46.32125914,0.248768421,2465.9948528490872,1,1
,2451.86,2572.4,2451.86,2572.2,674387481.6,2023-04-12,2393.23,45.84250585,18.45561605,45.57572885,0.225104167,2465.2629816440995,0,0
,2575.08,2592.18,2510.51,2525.36,520522003.5,2023-04-13,2396.8134,40.5715133,13.95674786,46.22240746,0.15802381,2463.55721479182,0,0
,2525.71,2525.71,2494.58,2510.97,303957653.4,2023-04-16,2404.628064,36.34967293,17.82939056,43.81461939,0.156657895,2456.815623975467,0,0
,2510.15,2511.8,2467.04,2478.03,305706994.1,2023-04-17,2412.130141,30.62247869,24.71449471,37.18697094,0.264285714,2453.651940809588,0,0
,2478.61,2478.65,2451.47,2475.54,227533238.9,2023-04-18,2419.332136,27.3514043,28.19363136,30.05283592,0.295166667,2454.1165673634005,0,0
,2474.52,2497.79,2470.09,2497.79,222132376.9,2023-04-19,2426.24605,32.35172137,24.81661644,26.67837999,0.401593333,2454.9592028749244,0,0
,2498.6,2498.61,2460.5,2465.47,268853424.2,2023-04-20,2432.883408,26.82580912,24.87595193,22.09697508,0.213666667,2451.973894494914,0,0
,2464.7,2468.86,2429.31,2437.52,280711496.3,2023-04-23,2592.18,21.95998706,34.66829312,22.16590499,0.311675,2450.3793896719008,0,0
,2438.33,2444.83,2416.07,2444.83,200587348.2,2023-04-24,2588.9226,18.85179094,36.2772906,24.05443267,0.305246154,2451.4652368103416,0,0
,2442.73,2460.94,2424.26,2456.92,242317914.3,2023-04-25,2582.008496,23.46700666,29.59851671,21.55446655,0.349177778,2451.5308803788566,0,0
,2458.4,2461.9,2432.28,2436.36,229521858.9,2023-04-26,2575.370956,20.29734904,24.96006222,19.30410346,0.18532,2451.24642520743,0,0
,2437.23,2437.23,2417.44,2430.22,214244058.5,2023-04-27,2568.998918,17.94827445,30.74987601,20.70081367,0.214655435,2451.243373579358,0,0
,2431.29,2431.79,2376.41,2384.78,282756597.6,2023-04-30,2562.881761,12.77610173,43.23870193,27.43727576,0.363769565,2424.889112897093,0,1
,2385.5,2387.6,2348.08,2364.11,202459172.8,2023-05-02,2551.693456,10.16352682,49.0557084,35.08480334,0.250876471,2423.2460855962017,0,1
,2364.79,2364.79,2320.88,2334.88,184403934.8,2023-05-03,2535.404379,7.9154848,51.90662976,42.77516129,0.300911111,2422.091827137705,0,1
,2334.61,2371.05,2305.58,2364.17,204709934.0,2023-05-04,2513.951941,5.604919363,43.57650868,49.66156326,0.104766667,2424.2658698246983,0,1
,2364.18,2365.48,2303.71,2315.97,170416543.0,2023-05-07,2488.947308,4.169521625,33.19203155,55.26528027,0.267791667,2421.0411170659777,0,1
,2315.88,2317.19,2249.43,2272.17,286660329.1,2023-05-08,2463.014085,3.08587621,45.3848897,61.66563668,0.234831034,2416.1591072244364,0,1
,2272.34,2316.72,2247.61,2296.75,267724623.2,2023-05-09,2428.840631,2.317866256,34.74495998,66.83095564,0.401653846,2417.972594100859,0,1
,2297.36,2303.49,2269.85,2298.98,158776441.5,2023-05-10,2396.219118,2.013031778,30.1754721,70.96321081,0.3975125,2419.099282495285,0,1
,2293.97,2302.71,2267.59,2289.56,141777157.5,2023-05-11,2369.469477,1.718151514,26.69784536,74.35199924,0.302305263,2416.3976119137005,1,1
,2290.65,2302.92,2231.94,2239.01,199781676.9,2023-05-14,2347.534771,1.254059014,33.05291289,78.01943711,0.254790476,2416.014826759735,1,1
,2238.52,2252.71,2202.79,2233.67,174074735.9,2023-05-15,2324.415817,1.013413231,37.9155935,81.37425599,0.092863636,2414.7108456842134,1,1
,2233.67,2255.67,2210.12,2249.43,142134730.7,2023-05-16,2302.92,1.998328782,31.10719522,82.68490891,0.20723125,2414.9047795504925,1,1
,2248.9,2298.73,2241.95,2298.71,220039509.4,2023-05-17,2202.79,18.14132306,24.30633811,69.0526879,0.187916667,2414.6693397196073,1,1
,2304.1,2364.72,2279.11,2363.52,418038451.0,2023-05-18,2204.7088,35.34059864,17.21360347,62.14055024,0.294358308,2414.782616345723,1,0
,2364.3,2383.84,2334.64,2357.0,458163948.8,2023-05-21,2211.109248,35.95081409,14.23051909,58.36916317,0.23067,2414.5793023619844,0,0
,2357.24,2376.45,2311.86,2371.24,262168152.9,2023-05-22,2221.473093,27.99072276,18.88869412,50.57849686,0.21166875,2342.391585701982,0,0
,2371.16,2436.09,2368.78,2436.08,480331601.4,2023-05-23,2231.215108,41.55975866,14.66029215,50.03214725,0.10305625,2350.098880830721,0,0
,2437.1,2447.56,2399.46,2428.58,390724539.0,2023-05-24,2247.605099,38.60794529,12.21728595,50.41058323,0.146458849,2352.200952969646,0,0
,2437.34,2459.99,2402.99,2419.31,638460119.4,2023-05-28,2267.600589,35.28178597,9.798571931,51.63415058,0.167632197,2348.787153194672,0,0
,2419.72,2421.04,2340.74,2353.36,515011933.2,2023-05-30,2290.687318,26.16127155,27.30535624,41.73528263,0.180511111,2346.857467505971,1,1
,2351.65,2364.9,2282.21,2291.56,496097139.7,2023-05-31,2459.99,19.62956225,38.16032079,39.8013758,0.1911625,2342.288177007441,1,1
,2292.33,2333.25,2270.02,2323.39,360077560.0,2023-06-01,2456.4344,15.84763857,34.52252279,39.25615896,0.190708939,2345.9588145048087,1,1
,2323.4,2421.11,2317.93,2414.78,463828896.4,2023-06-04,2448.977824,35.39991064,24.78298875,34.93314598,0.110827778,2352.7431251601297,1,0
,2416.17,2447.2,2390.57,2403.27,601436675.7,2023-06-05,2270.02,37.13037934,20.76407028,33.60036069,0.198271429,2359.1706334379182,1,0
,2407.77,2479.03,2385.24,2479.02,692906165.3,2023-06-06,2273.5636,36.32788811,15.54524215,34.89316376,0.134554167,2360.22748930144,1,0
,2484.96,2524.27,2475.87,2490.51,784608706.5,2023-06-07,2281.782256,44.29993138,13.37652614,38.63759084,0.170861538,2356.8764902457265,1,1
,2492.17,2492.35,2461.44,2471.38,495788220.1,2023-06-08,2296.331521,39.86064491,16.71425293,39.09263874,0.180999832,2358.4483519975015,1,1
,2471.11,2527.53,2466.05,2527.41,821556887.8,2023-06-11,2310.007829,43.32339945,13.38053738,41.83523382,0.228085714,2359.175468409589,1,1
,2530.65,2560.4,2495.78,2519.53,764385474.1,2023-06-12,2327.409603,44.88965975,10.60222185,45.82582817,0.248821053,2358.1468414188416,1,1
,2519.53,2591.21,2501.43,2568.1,1079639077.0,2023-06-13,2350.708643,42.08762113,7.792290043,50.41182219,0.22088,2358.7259496683787,1,1
,2569.82,2625.75,2546.51,2580.16,1372552736.0,2023-06-14,2379.568806,42.42732134,6.029328879,55.3523668,0.182866667,2577.487127850617,0,1
,2584.21,2591.63,2545.74,2571.74,825669666.0,2023-06-15,2414.034173,36.45647478,5.416950787,59.10729813,0.118246974,2574.479101405708,0,1
,2570.46,2673.76,2567.41,2673.75,1222699335.0,2023-06-18,2443.674389,48.26383613,3.848139886,64.33209146,0.26145,2584.3468431221722,0,0
,2675.52,2685.24,2626.59,2653.95,982079942.1,2023-06-19,2480.488086,43.48924898,3.207734889,68.71797117,0.00394,2591.681481359819,0,0
,2654.37,2660.04,2559.28,2588.66,955208447.6,2023-06-20,2517.343431,32.0390381,19.95144113,59.62430406,0.306045833,2592.847541499798,0,1
,2592.76,2597.79,2526.76,2546.79,748169133.1,2023-06-21,2685.24,26.00563087,24.81598045,48.16761039,0.23053125,2601.21553881073,0,1
,2549.55,2562.24,2478.16,2506.04,700104397.2,2023-06-22,2682.0704,20.33850255,32.00429035,42.99154545,0.150252976,2596.701491286712,0,1
,2508.3,2552.49,2473.82,2552.48,1000068833.0,2023-06-25,2673.913984,16.20763128,26.62450578,39.25728248,0.249259259,2602.054223057767,0,1
,2558.38,2593.52,2521.53,2541.37,782028720.4,2023-06-26,2661.908345,23.89691409,21.60510284,32.41317089,0.204469231,2605.401988464801,0,1
,2552.51,2583.2,2509.27,2581.11,791857039.0,2023-06-27,2650.623044,19.24055343,20.62658581,26.62586244,0.05269,2607.5209910622943,0,1
,2583.54,2588.58,2511.1,2530.46,800790600.7,2023-06-28,2640.014862,16.73996133,16.43211502,21.48629564,0.130720554,2611.4852873468362,0,0
,2531.24,2534.98,2440.95,2450.78,741047176.0,2023-07-02,2630.04317,12.7933737,30.14659405,25.27158583,0.203896429,2610.491853675338,0,0
,2451.27,2465.77,2404.81,2417.92,629779465.2,2023-07-03,2614.915716,10.74122174,34.82057454,30.78724384,0.136827273,2610.740253341075,0,0
,2425.07,2441.39,2392.37,2421.25,406614040.5,2023-07-04,2593.905145,9.249815779,33.50940048,35.97686213,0.240137037,2613.6505765783722,0,0
,2423.94,2429.3,2356.59,2364.89,467337790.0,2023-07-05,2569.720927,7.356079642,36.72365405,42.10624099,0.099980952,2612.1429973407216,1,0
,2366.39,2393.91,2332.06,2386.66,590946549.9,2023-07-06,2539.882597,6.041003142,37.24868047,48.10305951,0.108964406,2359.126525138206,0,0
,2393.88,2413.79,2364.51,2386.78,672439744.4,2023-07-09,2506.630982,11.22511377,31.6188901,48.00246184,0.225176,2354.432122295797,0,0
,2387.07,2398.22,2337.1,2355.4,529603524.3,2023-07-10,2478.699625,9.094189599,34.1299028,49.98611702,0.063090909,2355.293727706621,1,0
,2354.09,2356.57,2312.51,2327.41,406377087.9,2023-07-11,2455.237285,7.76577613,37.29681246,53.09556914,0.2483,2357.7619868292327,1,1
,2327.41,2431.17,2314.53,2430.13,677586123.9,2023-07-12,2312.51,26.07644156,25.14324785,42.84084397,0.181972727,2359.326840465272,0,0
,2435.73,2464.53,2370.22,2384.53,719041208.1,2023-07-13,2312.51,28.37959427,18.91400024,38.2755826,0.308849854,2352.7097067197265,1,0
,2390.52,2397.1,2342.82,2367.11,380078704.7,2023-07-16,2314.53,24.08641948,23.68905271,30.78681369,0.354553571,2343.676070050326,1,0
,2366.57,2401.31,2344.69,2401.3,299099902.3,2023-07-17,2320.53,21.34316788,19.78625509,25.38653076,0.249310526,2337.563621302508,1,0
,2402.19,2416.45,2375.98,2391.39,334434211.0,2023-07-18,2326.29,23.4047714,17.24746415,23.33848348,0.124885714,2339.6158547872496,1,0
,2388.18,2397.87,2359.41,2371.7,300722335.9,2023-07-19,2331.8196,20.30919125,20.66463965,18.84428698,0.302144444,2331.6414125473307,1,0
,2370.86,2416.28,2355.79,2394.09,508549517.3,2023-07-20,2337.128016,22.39878464,16.40012877,18.16760684,0.169168571,2330.6084825200746,0,0
,2394.75,2437.74,2387.18,2434.87,454973043.3,2023-07-23,2342.224095,25.95430952,13.491242,20.85320995,0.234946154,2330.4422837313896,0,0
,2437.55,2463.65,2405.41,2422.61,554171126.0,2023-07-24,2347.116332,29.72477278,10.74665411,26.06109505,0.194476923,2329.5656639384783,0,0
,2424.26,2424.51,2384.65,2395.97,412541663.8,2023-07-25,2351.812878,25.31834665,16.87428437,24.85150023,0.093453846,2330.5631906412577,0,0
,2398.83,2398.87,2365.36,2373.87,294988126.2,2023-07-26,2356.321563,21.9058298,22.35874329,20.08583946,0.219108696,2330.3051786482097,0,0
,2373.63,2387.33,2338.63,2347.77,335216046.8,2023-07-27,2464.53,17.59713306,28.75679665,20.88365215,0.103161699,2371.157403923761,0,1
,2347.41,2353.68,2299.25,2314.12,357464103.8,2023-07-30,2462.012,13.80391451,38.15365779,26.07985514,0.138585714,2367.839326906238,0,1
,2314.66,2325.01,2294.53,2305.54,261846422.1,2023-07-31,2455.50152,11.99415001,35.18175364,30.6941584,0.170240909,2372.7919223198164,0,1
,2306.06,2324.71,2263.84,2275.57,381899576.1,2023-08-01,2445.843229,9.036645565,38.93891889,37.0209532,0.254109091,2371.2216085710406,0,1
,2281.0,2283.77,2240.06,2269.89,288686534.7,2023-08-02,2431.28297,7.399010618,41.74152972,43.59402812,0.168152381,2367.125860858498,0,1
,2274.34,2289.88,2249.17,2256.74,265303238.2,2023-08-03,2412.160673,8.724769234,34.46923042,46.79561023,0.319048974,2371.087440537667,0,1
,2252.92,2265.36,2190.81,2212.25,300950089.5,2023-08-06,2394.950606,6.237304677,46.96071007,52.74661041,0.391782353,2375.50523664075,1,1
,2209.62,2228.57,2180.05,2204.9,295098946.4,2023-08-07,2370.453733,5.062970925,42.29442753,57.92089554,0.017763636,2374.2728698163255,1,1
,2199.48,2205.42,2157.23,2166.38,257653348.8,2023-08-08,2343.797211,4.10374466,43.25305215,62.87048144,0.2009,2371.0252722524046,1,1
,2162.08,2228.8,2138.26,2228.8,268530531.1,2023-08-09,2313.946457,10.79178294,29.93398641,59.69692136,0.156938889,2367.5928535842195,0,1
,2229.41,2245.2,2204.17,2235.76,395583126.5,2023-08-10,2282.322895,15.12559275,25.48803773,52.8604766,0.236809002,2367.806368540625,0,0
,2242.45,2266.23,2210.71,2254.28,387184475.7,2023-08-13,2138.26,19.69390108,20.37051434,42.62614398,0.103904545,2367.192331038438,0,0
,2255.41,2260.2,2207.3,2218.24,287607882.8,2023-08-14,2140.8194,15.89328971,17.68332743,35.16715584,0.321619048,2367.855827263972,0,0
,2219.99,2221.93,2161.0,2166.9,338497585.8,2023-08-15,2143.327612,12.43754349,30.36094529,36.50944181,0.382388235,2367.7109410607495,0,0
,2160.76,2161.12,2112.92,2126.8,258799473.8,2023-08-16,2266.23,10.02388495,41.75416566,41.46382047,0.157886667,2366.884594904295,1,0
,2126.63,2146.8,2120.68,2134.97,213986043.4,2023-08-17,2263.1638,8.970888339,37.36794263,45.4273234,0.206514426,2131.1252377569244,0,0
,2134.41,2136.01,2075.21,2084.87,206676884.8,2023-08-20,2260.158924,6.870796059,46.12758351,51.15619371,0.107823529,2122.188221219551,0,1
,2085.05,2085.71,2043.41,2055.5,226065265.2,2023-08-21,2252.760967,5.708600126,51.04134719,56.90126833,0.052363636,2121.215396599087,0,1
,2052.78,2091.01,2033.9,2089.8,163232733.0,2023-08-22,2240.199909,4.440880563,43.40445685,61.80831804,0.266373333,2116.6051155302284,0,1
,2091.73,2147.09,2080.45,2147.09,240294495.7,2023-08-23,2223.695916,23.94361045,32.78501304,52.56374138,0.152126667,2121.0990266142194,0,0
,2149.67,2156.4,2084.47,2093.23,225148320.1,2023-08-24,2208.512243,21.21351526,24.64843378,43.54893141,0.266026768,2124.46342806021,0,1
,2093.82,2095.01,2045.16,2056.45,167578500.4,2023-08-27,2194.543264,17.45973205,34.24069552,41.3307601,0.181893333,2125.260228351646,0,1
,2056.52,2070.14,2042.78,2054.56,139209740.1,2023-08-28,2181.691802,15.56958913,31.47560295,39.82662269,0.3547,2120.785954567266,0,1
,2054.57,2056.87,2035.08,2043.15,116455842.4,2023-08-29,2169.868458,14.05486074,31.85129933,39.61469707,0.125978947,2114.8523499555936,0,1
,2044.18,2050.53,2026.59,2037.71,145458441.1,2023-08-30,2158.990982,12.39833594,32.27705692,40.59093893,0.124560049,2108.7187795184195,0,1
,2038.23,2044.76,1981.46,1990.08,199404561.7,2023-09-03,2145.750883,8.922567627,43.21552367,45.62741607,0.097707407,2110.3035966825255,1,0
,1991.65,2006.48,1963.97,2006.48,175443756.9,2023-09-04,2126.035977,7.222797262,42.82075259,50.72872349,0.26602,2108.6801490567723,0,0
,2007.0,2007.52,1966.08,1993.44,123292064.3,2023-09-05,2103.346741,6.33484046,34.75331979,54.41590738,0.27392381,2108.4486386223334,1,0
,1992.91,1994.72,1937.94,1943.04,247665281.6,2023-09-07,2083.833997,4.789411981,38.36544044,59.09344577,0.1880375,2108.0755987397174,1,0
,1942.23,1947.7,1925.06,1940.19,273989141.3,2023-09-10,2060.490957,4.270191699,40.37373824,63.44875679,0.135147368,2108.0393204058005,1,0
,1940.15,1999.41,1930.61,1998.27,324680407.3,2023-09-11,2036.113385,24.94778048,28.59725095,52.1221461,0.168742105,1941.5752677675353,1,0
,1996.95,2011.81,1956.54,1966.99,179561520.5,2023-09-12,2016.123776,24.37858603,22.11858966,42.66981737,0.121168421,1929.9742040711014,1,0
,1967.13,2038.39,1954.8,2038.39,295531548.4,2023-09-13,1925.06,26.60339804,15.48608566,39.41855703,0.13562154,1932.651775660635,1,0
,2037.0,2037.87,1970.54,1981.4,303875514.1,2023-09-17,1927.3266,20.39752263,11.87358782,36.81754876,0.252493548,1930.8605194320178,1,0
,1981.54,2002.66,1969.54,2002.2,168269242.8,2023-09-18,1929.547868,17.85596606,10.77033555,34.40447278,0.166694444,1926.792533947954,1,0
,2004.73,2066.61,1986.08,2066.61,349938175.1,2023-09-19,1931.724711,34.76407901,7.811928142,40.18430086,0.244997222,1924.6122917150399,1,0
,2075.74,2189.85,2075.29,2176.48,923015331.9,2023-09-21,1937.120122,57.23501201,5.121059198,48.8623978,0.219364198,1923.6141782104326,0,0
,2185.5,2191.78,2119.21,2137.03,612537191.7,2023-09-24,1952.283915,46.1965465,4.085271635,55.84001855,0.373222727,1923.0900762092645,0,0
,2143.68,2171.33,2106.89,2156.88,429018728.4,2023-09-25,1971.443602,37.72681791,6.841492196,58.53178455,0.139242105,1917.1697300845353,0,0
,2157.35,2223.58,2157.21,2223.58,742146183.7,2023-09-26,1989.070514,45.51288108,5.529756576,62.49198655,0.445846667,1915.2503506835524,0,0
,2226.4,2226.76,2148.93,2190.0,550444908.1,2023-09-27,2012.521462,35.56645131,6.646241956,63.69572816,0.200205411,1916.9546222392432,0,0
,2191.06,2191.05,2103.8,2117.21,490324882.6,2023-10-01,2038.230087,27.22812265,17.21465372,55.46281267,0.058961905,1914.3748580823344,0,1
,2117.5,2144.48,2076.18,2136.0,401181980.6,2023-10-02,2060.853676,22.14739033,21.54833111,44.64444596,0.043805556,1915.0432435437717,0,1
,2136.0,2139.23,2093.2,2106.33,280783856.5,2023-10-03,2076.18,19.13885658,18.62117443,35.9897526,0.176286957,1914.9823607760984,0,1
,2106.95,2141.2,2096.41,2135.19,342448422.7,2023-10-04,2076.18,17.04866796,15.9807195,29.4384677,0.28789,1913.7829303752358,0,1
,2133.24,2137.3,2103.66,2117.14,275158675.6,2023-10-05,2093.2,15.04572026,14.10323878,24.19743977,0.259134921,2155.1132987042683,0,1
,2119.75,2120.15,2045.66,2059.39,393274178.7,2023-10-08,2226.76,11.35367115,29.74911206,28.30889843,0.174006667,2160.9681795069614,0,1
,2052.43,2074.53,2026.1,2052.36,273645971.7,2023-10-09,2223.138,9.465923335,31.51804602,33.40845935,0.244943478,2156.573170746564,0,1
,2051.59,2055.69,2005.78,2015.55,252436533.2,2023-10-10,2215.25648,7.796107427,33.14011225,39.10895862,0.21138,2162.8158612450948,1,1
,2014.72,2040.82,2003.75,2026.69,227836361.7,2023-10-11,2202.687891,6.698975116,29.24700878,43.83267614,0.212116667,2165.8340847588947,0,1
,2028.4,2029.99,1982.24,1994.4,310520669.9,2023-10-12,2186.77286,5.461459447,32.16579641,49.26028627,0.232594659,2166.963273927477,0,1
,1994.62,1995.56,1943.26,1954.01,283055167.9,2023-10-16,2166.319574,4.358990045,40.7178961,55.54018008,0.251782143,2155.3370703159453,1,1
,1954.53,2000.42,1954.07,1969.55,225866441.4,2023-10-17,2139.552425,5.477330716,33.26864187,58.77753756,0.244033333,2157.596683662991,0,1
,1970.88,2019.52,1970.39,2019.52,179025474.0,2023-10-18,2115.997334,11.94713553,26.69549619,54.65523721,0.299347368,2155.7931786704676,0,1
,2024.0,2024.76,1991.67,2000.02,194485725.0,2023-10-19,2095.268854,12.49368665,22.94325572,49.62174659,0.365965033,2157.0634565510422,0,1
,1999.49,1999.6,1953.66,1970.78,178809628.7,2023-10-29,2077.027791,10.02578556,34.60662829,50.71219151,0.19798125,2161.5895490225735,0,0
,1972.31,1975.41,1945.69,1974.98,142656376.9,2023-10-30,2060.975657,8.655680832,33.54210685,52.36488626,0.071947059,2161.115831110486,0,0
,1974.34,1975.07,1946.07,1959.47,126218386.7,2023-10-31,2046.849778,7.419043198,28.74994405,53.68704206,0.040047619,2160.5484213751633,0,0
,1959.31,1968.33,1938.2,1950.23,130703877.4,2023-11-01,2034.419004,6.257910805,28.33836218,55.71427531,0.061636842,2162.066330622893,1,0
,1951.06,1951.19,1922.67,1928.66,144134661.1,2023-11-02,2020.948344,5.280135031,32.41868165,58.96897912,0.297788645,2161.481770606749,1,0
,1928.14,1928.21,1891.54,1907.1,124695037.3,2023-11-05,2005.223809,4.209957016,42.8454482,63.59645987,0.268704762,1922.74241755678,1,1
,1907.13,1932.91,1899.46,1932.9,144814682.0,2023-11-06,1984.760723,6.039056747,34.88185995,64.97401886,0.1199,1917.2515000228698,0,0
,1932.9,1961.01,1923.6,1940.06,149414738.8,2023-11-07,1967.980993,20.28556503,27.68753567,55.06509886,0.28045,1920.546655499764,1,0
,1941.27,1952.67,1931.15,1952.67,139788903.6,2023-11-08,1961.01,17.66566385,24.11166253,47.13796286,0.331096296,1924.6701478064947,1,0
,1952.99,1955.19,1924.12,1936.13,153522647.7,2023-11-09,1891.54,14.3264428,23.83089971,42.69208877,0.248804588,1923.153750181064,1,0
,1934.94,1966.55,1931.91,1942.24,211831548.6,2023-11-20,1892.813,18.17707091,18.86209635,34.52356348,0.198226667,1918.907909209295,1,0
,1938.06,1942.53,1894.73,1915.14,181201672.9,2023-11-21,1966.55,13.36900443,34.44727326,36.43520783,0.170133333,1919.0587103766277,1,0
,1915.06,1961.06,1890.53,1960.48,178316960.6,2023-11-22,1966.55,17.60003083,23.15209903,31.87296529,0.154972727,1917.9006344195327,1,0
,1960.77,1986.73,1930.64,1981.89,260844602.1,2023-11-23,1890.53,24.52393371,17.46067758,28.86306035,0.212829444,1916.0861241748275,0,0
,1982.7,2042.72,1971.5,2042.72,445061553.4,2023-11-26,1890.53,39.70555554,12.56007772,33.47795385,0.13579,1913.9176693373795,0,0
,2044.0,2061.68,2016.06,2026.47,414698676.4,2023-11-27,1896.6176,40.04595985,10.25542653,38.62717908,0.291686667,1912.9054800003905,0,0
,2026.47,2031.92,2004.34,2030.28,267863577.2,2023-11-28,1906.521344,35.16926913,14.18142281,39.4073368,0.182016667,1912.1162134588835,0,0
,2031.37,2044.77,1995.89,2001.34,224550716.2,2023-11-29,1915.830863,33.28250924,11.1683891,41.47577865,0.081195238,1912.7850853144175,0,0
,1997.4,1997.52,1959.5,1966.7,300804399.3,2023-11-30,1924.581812,27.1178401,25.20932758,33.91007671,0.119813843,1912.953511848311,0,0
,1965.47,1965.73,1937.41,1957.74,210474512.0,2023-12-03,1932.807703,23.33559028,32.21219422,30.32408584,0.12991,1912.9327833501218,1,1
,1956.54,1974.29,1936.15,1955.38,260531199.9,2023-12-04,2061.68,23.17056119,26.2523531,25.50637923,0.122765217,1963.690356258772,1,1
,1957.17,1957.17,1928.86,1943.65,589392428.1,2023-12-05,2059.1694,19.77574396,26.17884178,23.19181018,0.17755,1956.8384687464804,1,1
,1944.2,1945.1,1926.11,1942.15,263412097.2,2023-12-06,2053.957024,17.61209867,24.89902554,21.98169287,0.149414286,1962.863736523004,1,1
,1941.44,1968.95,1930.65,1962.25,389947824.8,2023-12-07,2046.286203,27.26723692,19.51598617,20.89904251,0.12487076,1965.9157431374563,1,1
,2003.98,2131.83,2002.21,2131.65,127937923.1,2023-12-10,1926.11,64.73549972,8.884833336,31.89185387,0.137345455,1970.990110582511,1,0
,2164.04,2169.2,2076.37,2117.08,1178298728.0,2023-12-11,1930.2244,58.08860206,6.472304416,41.50343753,0.152447368,1971.3317093074918,1,0
,2119.03,2192.33,2096.41,2186.98,1132942910.0,2023-12-12,1939.783424,49.26701382,4.791762471,49.65715555,0.167315,1970.2043637231973,1,0
,2190.77,2240.16,2171.98,2195.93,1135409013.0,2023-12-13,1954.936219,53.18209978,3.893524898,56.99704653,0.111277273,1967.2046448081935,1,0
,2200.66,2221.96,2161.12,2220.59,866692000.5,2023-12-14,1977.754121,43.98514266,6.307081539,60.58128996,0.148655926,1963.4458814121149,1,0
,2209.92,2345.23,2169.95,2343.96,2062498741.0,2023-12-17,1998.746591,54.09459257,3.886600257,65.78374856,0.198316667,1961.5654587998445,1,0
,2350.38,2388.5,2305.76,2336.13,2333918875.0,2023-12-18,2033.394932,53.76257126,3.16899178,70.40047169,0.1609,1963.1931064042244,1,1
,2340.16,2355.23,2288.67,2355.1,1226607902.0,2023-12-19,2076.00754,45.34388668,6.693378481,71.17531182,0.2194,1961.7388642118337,1,1
,2367.17,2421.68,2339.18,2400.23,1987132174.0,2023-12-20,2113.506636,52.2167992,5.386533145,73.19981783,0.083122727,1962.5992939780483,0,1
,2412.16,2412.18,2356.68,2392.29,1865774238.0,2023-12-21,2156.650907,44.85274635,4.62687887,74.81942265,0.220628129,1963.0669932098222,0,1
,2399.97,2441.39,2369.81,2394.4,2081492450.0,2023-12-24,2193.75498,44.10338823,3.769779265,76.70573253,0.279042869,1963.3014995764502,0,1
,2400.58,2439.94,2369.52,2393.71,1671134020.0,2023-12-27,2233.376583,35.92060345,3.146754562,78.14271004,0.1092875,2405.693586312993,1,1
,2398.32,2414.44,2367.49,2387.0,1248497974.0,2023-12-28,2266.65873,31.11019939,3.304374888,78.67349883,0.180620195,2402.9590437084344,1,1
,2395.45,2409.54,2336.53,2346.26,1270150161.0,2024-01-01,2294.615733,24.68451611,11.38047861,70.31661104,0.2797625,2411.81503170706,1,1
,2347.04,2348.31,2297.02,2315.02,1111401394.0,2024-01-02,2441.39,20.89473776,21.45994847,56.52018289,0.221346154,2413.767114890965,1,1
,2316.55,2388.54,2299.14,2386.53,1184985640.0,2024-01-03,2438.5026,26.93694095,16.08081723,50.26342176,0.294882353,2425.563870376846,1,1
,2396.65,2455.68,2395.45,2430.86,2156502006.0,2024-01-04,2297.02,40.62273725,12.9438405,50.54512796,0.28293797,2430.1602546607787,1,1
,2449.94,2495.62,2435.7,2456.02,2312424149.0,2024-01-07,2299.14,44.53633565,10.53746231,52.78276252,0.2027,2427.6556959822383,1,0
,2459.3,2526.6,2452.53,2525.2,1944524192.0,2024-01-08,2306.9992,43.96706584,8.324780197,55.85827251,0.1634,2436.2006613435274,1,0
,2536.45,2578.02,2500.71,2513.7,2393385595.0,2024-01-09,2320.175248,48.81513764,6.534572201,59.96422852,0.098041176,2434.824898503901,1,0
,2521.66,2531.89,2485.25,2501.11,1513278081.0,2024-01-10,2340.802828,42.00353317,10.24810932,60.12618689,0.221930769,2434.017779702065,1,0
,2500.95,2540.53,2492.79,2540.19,1739525534.0,2024-01-11,2359.780202,38.38207599,8.695617812,60.71263703,0.28530404,2437.6323441340514,1,1
,2545.98,2657.45,2545.94,2656.77,2645530560.0,2024-01-14,2377.239386,57.85131664,5.93509801,64.84825252,0.266066667,2435.300335557829,0,1
,2673.72,2768.0,2673.06,2750.21,3587959481.0,2024-01-16,2405.260447,69.21084293,4.311982377,69.53267347,0.224932,2437.737297691993,0,0
,2766.33,2791.41,2646.92,2673.17,3485976805.0,2024-01-17,2448.789194,47.92775908,8.54924639,69.57111067,0.170419048,2437.736818095618,0,1
,2673.28,2723.04,2606.85,2694.55,2693172916.0,2024-01-18,2496.756106,36.61118089,14.67351102,64.21213925,0.196539651,2438.655089436118,0,1
,2700.99,2767.76,2678.71,2700.05,3577521022.0,2024-01-21,2538.007652,39.12149319,11.96660008,62.00032663,0.29044,2716.6353267715876,0,1
,2706.77,2706.77,2608.72,2639.52,2588263952.0,2024-01-22,2573.48398,31.19983776,23.99752924,52.20991786,0.071236364,2715.0935227197206,1,1
,2640.09,2653.97,2597.46,2624.04,1547160505.0,2024-01-23,2791.41,27.22790032,23.47915658,43.24652286,0.26984,2725.226967033689,1,1
,2629.33,2653.61,2579.55,2590.6,1473304572.0,2024-01-24,2787.531,22.52932085,23.60063159,35.0616934,0.172814286,2728.0192981479754,1,1
,2590.54,2607.11,2559.67,2590.18,1487570457.0,2024-01-25,2779.21176,19.79428386,25.82283217,30.69246276,0.169335172,2719.0265858493167,1,1
,2588.17,2632.55,2568.42,2624.69,1541256052.0,2024-01-28,2766.039254,23.17739135,21.42731962,25.33867286,0.320519231,2731.1210341628066,0,1
,2626.45,2657.51,2624.44,2653.12,1905801076.0,2024-01-29,2753.657099,28.34830449,19.30874982,24.06452343,0.177595238,2741.5725449456895,0,1
,2654.55,2701.81,2654.05,2692.31,2518062055.0,2024-01-30,2742.017873,37.99116398,16.33612808,27.22368401,0.36053125,2753.762716326112,0,1
,2689.75,2717.44,2633.54,2653.43,2239512461.0,2024-01-31,2731.077001,28.53041069,18.35563214,26.11916359,0.08918,2746.347437763042,0,1
,2662.13,2662.64,2583.16,2591.03,1640870760.0,2024-02-01,2720.792581,22.03320399,28.61059165,23.49284063,0.151637778,2745.7021204550383,1,1
,2589.88,2599.56,2562.47,2580.08,1177767825.0,2024-02-04,2717.44,19.44953501,31.79692364,23.6130986,0.350642857,2751.54597301944,1,1
,2582.09,2610.22,2576.19,2593.82,967877133.4,2024-02-05,2707.9738,20.85732271,28.02762427,21.8240206,0.22712,2749.8088177387035,1,1
,2593.03,2615.35,2583.19,2613.99,940360060.8,2024-02-06,2699.075572,20.25471652,24.58485942,19.39060981,0.270825,2751.856370238863,1,1
,2617.29,2644.83,2615.47,2638.81,1184834118.0,2024-02-07,2690.711238,29.92354646,21.42954675,18.820565,0.261170833,2752.5744371732226,1,1
,2639.03,2677.73,2628.5,2676.32,1547760445.0,2024-02-08,2682.848763,37.44792084,17.06045823,22.53693957,0.282804483,2750.3319060195254,1,1
,2684.6,2713.94,2674.68,2682.33,1644364722.0,2024-02-11,2559.67,46.70139597,14.17877058,28.71369634,0.218576471,2685.8038728493566,0,0
,2687.39,2732.78,2678.31,2731.54,1674076152.0,2024-02-12,2562.7554,43.95686858,10.96633277,34.98429024,0.37778,2686.268532901582,0,0
,2729.63,2758.99,2685.1,2715.44,2432308810.0,2024-02-13,2569.556384,41.60179135,7.922621947,41.5884694,0.213744444,2692.2275572408685,0,0
,2714.4,2720.38,2690.88,2711.68,1782289022.0,2024-02-14,2580.922401,36.54048486,6.958749561,46.87181273,0.226017647,2689.3405927581025,0,0
,2709.89,2739.54,2686.48,2703.5,2138694727.0,2024-02-15,2591.606457,36.44803852,5.464140243,52.28260294,0.198146838,2680.233111856572,0,0
,2700.82,2700.81,2634.93,2645.2,1741645248.0,2024-02-18,2601.649469,27.05957751,23.42153875,43.26742876,0.185361364,2681.403114825522,0,1
,2646.08,2649.56,2615.55,2636.78,1315297659.0,2024-02-20,2611.089901,23.33327255,28.04323452,36.44745106,0.196966667,2681.5354217259123,0,1
,2638.56,2654.42,2595.22,2613.35,1029435589.0,2024-02-21,2758.99,17.95380802,29.49522841,34.02272576,-0.004957143,2684.6769872586456,0,1
,2613.66,2619.39,2544.09,2563.56,1269877679.0,2024-02-22,2755.7146,13.13794507,39.79724514,37.29061067,0.116396825,2687.97425073773,0,1
,2563.77,2565.07,2494.92,2501.29,1131345431.0,2024-02-25,2747.249616,10.01090419,47.00803768,42.80962641,0.164642857,2691.5112899234764,0,1
,2502.32,2547.49,2493.82,2535.45,717160449.6,2024-02-26,2732.109839,8.15469203,38.67188067,47.28183405,0.196952632,2693.627113156627,1,0
,2533.74,2555.15,2511.99,2547.29,643571112.3,2024-02-27,2713.046652,9.66182836,32.59636277,48.67994718,0.170770588,2692.984700896013,0,0
,2547.95,2547.95,2517.18,2525.85,738770880.4,2024-02-28,2695.50852,8.47524957,28.5931709,49.79843769,0.133733333,2694.1018553922254,1,0
,2527.47,2532.11,2446.7,2459.6,981366953.2,2024-02-29,2679.373438,5.942886638,44.70612634,55.14536224,0.193171491,2693.8706887881626,1,0
,2458.87,2461.85,2422.29,2439.0,644402092.9,2024-03-03,2656.106094,5.066425461,47.21294675,60.23986569,0.240926667,2692.5467450388996,1,0
,2460.59,2630.87,2460.58,2630.75,135279246.1,2024-03-04,2422.29,44.25816606,24.9260526,53.78048308,0.140253333,2432.0154249647244,0,0
,2655.97,2656.12,2511.62,2517.46,1460972689.0,2024-03-05,2422.29,36.01766439,17.25721015,50.06727653,0.40676,2432.222292723576,1,0
,2517.27,2575.09,2487.43,2541.36,1102985281.0,2024-03-06,2431.6432,29.2042348,19.2128488,44.18103636,0.348814286,2427.9988146534515,1,0
,2544.06,2583.74,2538.71,2570.58,1031236902.0,2024-03-07,2440.622272,28.1216825,17.13187926,40.20181838,0.309891667,2420.882442637197,0,0
,2574.26,2591.5,2558.87,2567.48,846013604.4,2024-03-10,2449.242181,27.73394938,15.60128696,37.76089915,0.278260714,2412.680615709446,0,0
,2568.03,2595.52,2556.45,2593.1,1061959142.0,2024-03-12,2457.517294,25.67640205,13.76116701,36.2513002,0.201889474,2416.4857167257483,0,0
,2591.87,2592.22,2549.27,2564.79,1189824501.0,2024-03-13,2465.461402,22.03234976,14.13304681,33.3694717,0.243746667,2418.2973500235466,0,0
,2564.61,2585.4,2538.25,2548.64,1344620576.0,2024-03-14,2473.087746,18.50151111,15.61368855,28.38856031,0.244975,2415.2253864690474,0,0
,2551.96,2555.58,2509.02,2519.03,748706954.4,2024-03-17,2480.409036,15.44605577,23.40289791,26.807145,0.173872727,2407.202013584671,0,0
,2521.13,2527.78,2503.77,2527.78,720983387.5,2024-03-18,2487.437475,13.95997448,23.25502069,26.44103908,0.14825,2404.4141927148676,0,0
,2528.88,2545.05,2507.3,2515.42,858175614.3,2024-03-19,2494.184776,19.01489934,19.55705245,21.43394387,0.254420833,2403.5944280764397,0,0
,2518.53,2530.96,2493.3,2506.51,777007704.9,2024-03-20,2656.12,15.86824695,22.47248621,20.59218013,0.161145455,2403.7938582535926,0,0
,2509.31,2514.14,2474.56,2485.44,719415980.4,2024-03-21,2652.8636,13.03453464,26.91454128,23.42259402,0.08151875,2403.0631663017552,1,1
,2485.67,2486.75,2447.52,2457.45,552059220.7,2024-03-25,2645.731456,10.67312677,34.52572031,29.29258936,0.201119048,2402.111066548648,1,1
,2457.1,2512.51,2448.68,2496.5,888348311.3,2024-03-26,2633.838769,18.66563224,25.22958978,26.42481045,0.261121053,2400.9987162660163,0,0
,2500.45,2521.58,2472.63,2487.14,807554904.4,2024-03-27,2622.659643,18.63762441,20.05363535,21.87180226,0.083229167,2508.069884692496,0,1
,2486.22,2502.68,2461.86,2495.22,859818197.6,2024-03-28,2612.151264,15.35413309,21.1689121,20.68161168,0.177769231,2501.686922608863,0,0
,2496.69,2511.22,2479.56,2493.03,1231112010.0,2024-03-31,2602.273388,17.04930844,18.08069174,17.13247028,0.202833333,2496.732978625833,0,0
,2495.14,2498.94,2469.76,2479.37,974446567.8,2024-04-01,2592.988185,14.59611686,20.31152548,16.98056495,0.074552941,2497.7232003561985,1,1
,2476.15,2485.32,2449.54,2459.57,670970053.3,2024-04-02,2584.260094,11.95872512,26.85264053,21.25947971,0.292871429,2494.394758039624,1,1
,2457.13,2467.06,2437.74,2449.95,578349033.9,2024-04-03,2576.055688,10.09102831,28.94432875,26.66718566,0.15853125,2496.6986229239383,1,1
,2452.99,2453.32,2426.53,2435.57,635572110.9,2024-04-04,2564.990433,8.563493168,30.89701952,32.65317893,0.17718447,2494.4904649906016,1,1
,2436.88,2464.11,2423.29,2463.97,618186999.3,2024-04-07,2551.14439,12.56257037,23.98251815,32.37232841,0.294304762,2490.659855412255,0,1
,2464.85,2490.55,2462.44,2482.85,917731066.0,2024-04-09,2535.801863,25.7260994,20.10879795,28.34896517,0.089688235,2489.54307903337,0,1
,2482.55,2495.27,2471.1,2481.82,1124537292.0,2024-04-10,2522.300439,24.80930402,17.1342301,26.33888946,0.169050278,2491.974175582868,0,1
,2481.17,2506.85,2469.72,2491.53,1202931922.0,2024-04-14,2510.419187,26.22030274,13.34388759,27.58023764,0.251444444,2494.832780974793,0,0
,2491.67,2494.51,2457.99,2467.38,1032989381.0,2024-04-15,2506.85,20.61384351,17.35848922,23.77878285,0.139877778,2493.67088243522,0,0
,2466.1,2466.1,2431.11,2434.96,576734367.4,2024-04-16,2506.85,16.28977275,29.26316679,24.71898978,0.239341667,2492.4430264950834,0,1
,2435.59,2438.5,2391.56,2406.7,522308178.4,2024-04-18,2496.8228,12.16250679,43.19657802,30.98710811,0.265798611,2493.490021297645,0,1
,2404.98,2434.86,2378.15,2434.61,707222823.5,2024-04-21,2482.086008,8.796674193,37.78635491,37.23614232,0.176546667,2492.235860239881,0,1
,2436.62,2446.86,2400.62,2412.42,739502021.6,2024-04-22,2465.456247,12.57081302,29.47321455,37.829248,0.189538077,2438.648089953197,1,1
,2411.94,2423.89,2392.69,2407.4,527799781.5,2024-04-24,2451.487247,10.60329874,28.83830607,39.50998328,0.285723077,2434.3355897988054,0,1
,2408.98,2408.98,2379.79,2396.18,610750872.5,2024-04-25,2446.86,8.962762185,31.21400943,42.68465921,0.101405873,2436.1657740423575,0,1
,2398.32,2406.69,2381.39,2406.69,609321200.5,2024-04-28,2435.8664,7.676055744,26.7328834,45.22439996,0.244157143,2440.225151628622,0,1
,2409.03,2415.71,2383.37,2394.58,553307277.9,2024-04-29,2426.631776,11.44790839,21.74490444,42.38387276,0.33150625,2438.008331215724,0,1
,2396.28,2444.47,2384.53,2433.38,877320541.8,2024-04-30,2378.15,22.47415399,15.18201635,37.78010897,0.315006667,2441.272956652876,0,1
,2448.95,2448.94,2398.08,2406.23,656912550.3,2024-05-02,2379.4764,19.15559066,11.50051853,35.21824484,0.263767677,2437.517532420123,0,1
,2406.57,2408.21,2358.53,2367.76,624285357.3,2024-05-05,2448.94,14.77962619,27.05955254,34.04465677,0.276359091,2433.257083782205,0,1
,2370.2,2374.63,2345.53,2357.11,485479410.7,2024-05-06,2448.94,12.66177999,29.5835484,35.24691579,0.263131579,2431.016719680432,1,1
,2357.33,2373.87,2339.22,2346.63,375741944.3,2024-05-07,2444.8036,10.43598705,27.58433073,37.21815355,0.362671429,2433.173253087847,1,1
,2345.49,2363.57,2333.48,2347.13,376059652.9,2024-05-08,2438.468584,8.763714108,26.22096419,39.75446316,0.213175,2434.541011187772,1,1
,2352.61,2362.45,2335.51,2352.07,504510710.4,2024-05-09,2430.069497,7.431079846,22.23373288,41.78351085,0.330404029,2433.65724768385,1,1
,2352.61,2359.54,2336.55,2355.92,458196630.2,2024-05-12,2422.342337,6.393928897,19.13058534,43.406749,0.314941176,2433.578307410549,1,1
,2356.15,2370.08,2344.21,2369.55,413761224.0,2024-05-13,2415.23335,12.03051098,15.99123661,37.55229329,0.247526667,2434.467399753245,1,1
,2368.32,2445.89,2366.31,2445.89,1086522877.0,2024-05-14,2333.48,44.23126296,9.804564238,42.78400978,0.21978,2433.77746654193,1,0
,2448.11,2467.29,2406.08,2426.24,880987842.3,2024-05-15,2335.7282,41.71808241,7.146359686,48.37726101,0.220215385,2456.9069063417833,1,1
,2433.59,2439.52,2400.94,2415.27,674929284.7,2024-05-16,2340.990672,34.37535857,8.233492805,50.97243565,0.167897778,2449.538043825524,1,1
,2433.87,2445.68,2405.56,2445.68,920967342.5,2024-05-19,2346.042645,30.83370561,6.700475106,53.63728369,0.14761875,2446.2149455218537,1,1
,2449.76,2490.67,2449.16,2479.61,1325279376.0,2024-05-20,2350.892539,45.14932432,5.313651544,58.69790607,0.266819048,2446.5586217967957,0,0
,2483.42,2534.37,2471.45,2533.19,1742311689.0,2024-05-21,2359.279187,51.60666889,3.901861303,64.14660472,0.258135294,2444.522638010282,0,0
,2536.55,2546.0,2497.48,2510.65,1213264241.0,2024-05-22,2373.286452,45.97176365,3.106316127,68.78554974,0.151648077,2447.4695684329236,1,0
,2511.17,2513.57,2460.65,2469.88,932832310.7,2024-05-26,2390.557807,35.97241574,17.56844656,61.90317747,0.035305,2446.1981506945813,1,0
,2472.59,2487.47,2457.54,2476.15,720205392.4,2024-05-27,2406.102026,31.17809596,16.61184149,55.6184924,0.140621399,2447.018676907947,1,0
,2506.16,2524.24,2464.09,2473.32,1034125885.0,2024-05-29,2420.091824,38.69102323,12.44511326,54.75990653,0.235466667,2449.274729477539,1,0
,2474.78,2506.62,2459.88,2485.48,1254824057.0,2024-05-30,2432.682641,31.11122566,11.77162051,52.82766475,0.043893386,2457.331458171798,1,0
,2491.79,2522.73,2483.53,2517.01,1327827087.0,2024-06-02,2444.014377,32.8126414,9.765912949,53.08764188,0.264638889,2459.818231914698,1,0
,2519.31,2533.55,2501.13,2513.94,1131225161.0,2024-06-03,2454.212939,32.89678169,8.30332969,54.40865016,0.27175,2458.2207692941256,1,0
,2518.2,2520.2,2490.49,2498.46,893665503.8,2024-06-04,2463.391645,28.07954988,12.33168037,51.32072863,0.212547368,2457.988494013601,1,1
,2501.03,2503.95,2465.66,2482.3,976883469.1,2024-06-05,2546.0,22.71983155,22.35564779,41.21817132,-0.0831,2458.3591783587917,1,1
,2485.35,2509.5,2478.45,2502.9,1114584280.0,2024-06-06,2544.3932,21.93431486,18.7314669,34.54974246,0.187283007,2457.8331592824356,1,0
,2507.27,2527.34,2499.81,2527.07,1485420963.0,2024-06-09,2542.818536,28.46331709,15.87855587,33.31603648,0.1517,2505.7224122127486,1,0
,2537.29,2584.11,2520.6,2577.82,2280790845.0,2024-06-10,2465.66,47.05552194,11.03290413,39.05551256,0.1248125,2498.53484483255,1,0
,2594.54,2646.83,2590.81,2644.53,2272497067.0,2024-06-11,2468.029,59.89919451,7.799879477,46.63585101,0.308294444,2498.5727125720177,0,0
,2650.27,2664.39,2609.47,2628.2,2002389575.0,2024-06-12,2475.18104,53.59614319,6.039366999,53.2578279,0.236526667,2499.8220490979734,0,0
,2631.3,2634.47,2598.74,2612.51,1685939425.0,2024-06-13,2486.533578,45.28407307,9.760126536,55.51368828,0.211350833,2499.3324684991567,0,0
,2615.37,2631.25,2597.2,2606.35,1976668259.0,2024-06-16,2497.204963,38.22267286,8.943434616,56.82632251,0.101878205,2505.105580483536,0,0
,2607.4,2611.91,2578.44,2583.45,1458771712.0,2024-06-18,2507.236065,32.07678316,16.51781198,51.86463895,0.147313333,2503.696711269091,1,0
,2582.36,2602.15,2579.17,2591.96,983123976.6,2024-06-19,2516.665301,28.18706693,14.51481807,47.89529211,0.090811765,2501.648485343928,1,0
,2604.16,2605.23,2565.48,2576.74,1200286146.0,2024-06-20,2525.528783,22.3317865,18.65391495,40.11094326,0.119383476,2500.6103241998508,1,0
,2577.81,2586.37,2561.09,2575.17,1265051555.0,2024-06-23,2533.860456,19.16664042,18.47130522,32.45824087,0.062125,2502.034481081986,0,0
,2578.39,2597.56,2562.96,2580.07,1244937416.0,2024-06-24,2541.692229,21.73774717,14.86645815,29.72096407,0.276785,2503.300826610953,0,0
,2578.82,2616.58,2577.98,2610.53,1341905811.0,2024-06-25,2549.054095,27.62870865,11.6860767,31.88701874,0.255116667,2502.0748351173097,1,0
,2613.41,2622.8,2584.82,2595.17,1196045477.0,2024-06-26,2555.974249,25.28489755,9.251774871,34.79430953,0.042169231,2501.9215327597435,1,0
,2594.43,2598.74,2575.07,2583.31,1211436867.0,2024-06-27,2562.479194,21.75460844,13.71119755,32.37131571,0.149700682,2502.4192526455595,1,0
,2582.64,2586.28,2546.12,2555.88,1075477605.0,2024-06-30,2664.39,16.78452579,27.04772074,30.57999527,0.1939,2501.966351270784,1,0
,2556.25,2571.25,2545.27,2571.21,813061891.2,2024-07-01,2662.0246,14.16723034,23.34021376,29.35528307,0.09005,2554.7857837428314,1,0
,2616.08,2713.67,2595.68,2617.74,1302308098.0,2024-07-02,2545.27,58.49688077,11.28185777,37.0170085,0.231213333,2552.4971239171887,0,0
,2619.76,2622.0,2576.38,2599.81,903097473.9,2024-07-03,2545.27,48.47262451,16.59827823,39.4104115,0.194346154,2553.9018933314064,1,0
,2599.04,2623.96,2588.98,2605.66,1289528996.0,2024-07-04,2548.638,42.42483059,14.25667995,41.46742587,0.128012745,2550.9756351352935,1,0
,2606.93,2617.76,2593.73,2604.93,1271252475.0,2024-07-07,2551.93864,37.84074228,12.716217,43.11303737,0.238847059,2550.667357860306,1,0
,2608.66,2617.57,2584.64,2595.61,858560177.4,2024-07-08,2555.173267,31.93071513,15.04141589,41.68162981,-0.045664286,2551.039454928875,1,0
,2592.7,2609.16,2585.65,2609.16,1032626787.0,2024-07-09,2558.343202,28.02463849,13.20140313,40.53650377,0.181233333,2554.460517262401,1,0
,2613.37,2637.22,2609.05,2637.22,1251855430.0,2024-07-10,2561.449738,39.10953337,11.15717011,43.55082481,0.13396875,2552.994586040903,1,0
,2642.02,2676.01,2641.66,2675.01,1761297835.0,2024-07-11,2564.494143,51.9235584,8.809212129,49.03871006,0.270715476,2551.17197599003,1,0
,2714.68,2786.62,2702.26,2763.32,2047890522.0,2024-07-14,2567.47766,72.24940344,5.014110015,56.63511922,0.2842625,2548.1273699626595,1,0
,2783.87,2800.34,2733.96,2783.55,2861344593.0,2024-07-15,2576.243354,59.73673012,3.797761057,62.91710366,0.215372727,2547.9371657064007,1,1
,2786.65,2937.32,2781.33,2935.3,4077765014.0,2024-07-16,2589.689153,71.41900096,2.217566622,69.12908217,0.204661538,2547.6840753570355,1,1
,2948.38,2985.5,2900.48,2985.5,4407599521.0,2024-07-17,2617.49962,68.16122831,1.72778108,74.31439433,0.094664286,2547.9524259352456,1,1
,2999.89,3024.1,2936.14,2985.28,4690000331.0,2024-07-18,2654.299658,62.76743795,1.343918107,78.61302557,0.142812536,2547.4192037853923,1,1
,2991.63,3035.23,2940.99,3026.22,4502278968.0,2024-07-21,2698.675699,51.08236081,1.035741889,82.09550135,0.179925,2547.398362676753,1,1
,3031.85,3095.28,2979.97,3079.09,4746082768.0,2024-07-22,2745.793301,51.3406288,0.766803817,85.08776811,0.37464375,3036.864921169696,1,0
,3080.51,3201.62,3061.05,3201.62,5066970292.0,2024-07-23,2801.711173,58.23208756,0.549415091,87.69634511,0.121163636,3030.365896107293,1,0
,3216.6,3239.71,3120.66,3151.19,5062674339.0,2024-07-24,2873.694762,52.17545388,0.422586956,89.83570522,0.256713333,3043.658116828801,1,0
,3161.7,3169.02,3110.58,3148.28,3573909228.0,2024-07-25,2946.89781,45.70193484,2.510208646,89.78592817,0.200063636,3045.050043422673,1,0
,3193.25,3254.93,3102.98,3174.6,3316471727.0,2024-07-28,3005.460248,48.81597775,1.788853092,90.41476442,0.079036,3054.7959638938933,1,0
,3182.09,3255.69,3148.94,3200.62,5138804443.0,2024-07-29,3055.354198,39.12271869,1.428388179,90.92283576,0.178718182,3062.1609077605194,1,0
,3206.22,3315.24,3191.41,3300.69,5249320941.0,2024-07-30,3095.421359,41.15039565,1.10540624,91.69187385,0.2546,3075.00866326428,1,0
,3309.13,3412.85,3309.12,3370.42,6947126240.0,2024-07-31,3139.385087,50.50137786,0.880094659,92.66835355,0.301153846,3084.842113918687,1,0
,3374.39,3376.4,3283.04,3306.24,5696587553.0,2024-08-01,3191.41,41.66514157,5.613875173,89.38511268,0.321249387,3083.6304011888606,1,0
,3319.31,3419.55,3275.81,3408.67,6431911377.0,2024-08-05,3235.698,38.73148618,4.199685473,87.59514269,0.478307143,3087.95263299874,1,0
,3417.45,3460.28,3222.72,3246.51,6816372676.0,2024-08-06,3419.55,25.47426966,10.41159903,78.47087854,0.148354545,3091.3639826724634,1,1
,3240.08,3433.53,3220.22,3432.32,5420330576.0,2024-08-07,3222.72,18.40385479,7.847137841,70.81961161,0.065492857,3088.8683911870385,1,1
,3448.73,3506.94,3413.17,3462.2,6342948536.0,2024-08-08,3222.72,26.32826478,6.808721654,68.43681077,0.229785833,3092.1418940970034,1,1
,3482.1,3598.91,3469.47,3598.28,8806776983.0,2024-08-11,3220.22,34.28408553,5.485769584,69.23193333,0.28466,3091.7926420768904,1,1
,3625.03,3721.71,3621.4,3721.71,8778568615.0,2024-08-12,3242.9414,46.01111457,4.499169135,71.8225739,0.35048,3092.7170874182243,0,1
,3729.42,3758.41,3639.71,3708.64,7453214015.0,2024-08-13,3281.242888,43.32817034,3.69938425,74.31149172,0.279213333,3739.345480661849,0,1
,3721.97,3780.04,3619.02,3779.51,7977738459.0,2024-08-14,3328.959599,36.40412258,2.842563214,76.55206904,0.245692308,3728.3570694487166,0,0
,3795.48,3882.67,3791.7,3809.66,10327875401.0,2024-08-15,3383.089247,46.27403724,2.397811837,79.27106083,0.300844048,3765.657964184185,0,0
,3818.89,3837.8,3639.04,3667.06,8704612673.0,2024-08-18,3453.030553,33.6093398,22.76257272,67.26513643,0.165797879,3743.2791011477902,0,1
,3688.24,3714.6,3618.56,3639.2,5377316518.0,2024-08-21,3513.180075,28.84162442,22.55856488,56.25687039,0.1610875,3766.870737426013,0,1
,3646.54,3708.75,3620.17,3659.34,5326297462.0,2024-08-22,3564.908665,24.78766422,19.38774749,47.45025756,0.267671795,3751.375089669246,0,1
,3687.27,3690.15,3528.86,3547.89,5396823866.0,2024-08-25,3882.67,18.77967007,28.41017781,42.04180757,0.354800855,3763.072701245389,0,1
,3553.35,3553.34,3378.23,3407.33,5572268355.0,2024-08-27,3875.5938,14.13138991,42.66961877,43.68193974,0.196183333,3780.5045767912793,1,1
,3417.77,3519.04,3374.79,3424.12,4218098003.0,2024-08-28,3855.699248,11.26123549,34.48756457,45.09940459,0.242773684,3785.7184801572625,0,1
,3419.57,3455.43,3354.92,3419.34,3892519055.0,2024-08-29,3826.844693,9.568570834,32.275259,46.93258768,0.193601111,3807.5675827837845,0,1
,3419.82,3445.57,3318.49,3337.01,3066328279.0,2024-09-01,3789.090718,7.73183941,31.58263343,49.67941051,0.248905263,3808.1149109471276,0,0
,3333.04,3515.9,3312.11,3515.9,4242970569.0,2024-09-02,3742.030646,15.17282059,22.80694244,43.76362819,0.221978571,3804.2577834110302,0,0
,3535.24,3561.49,3463.36,3498.21,3848685611.0,2024-09-03,3690.440168,19.65560766,19.53906536,35.07037099,0.243247368,3814.371557899456,0,0
,3523.99,3525.03,3345.77,3372.31,3376139535.0,2024-09-04,3645.040548,14.8100247,30.89357335,35.0944948,0.040666667,3806.669897129461,0,0
,3374.83,3387.56,3295.68,3338.17,2520588978.0,2024-09-05,3605.088882,12.78991552,34.11581093,37.16868406,0.042611859,3814.042947910541,0,0
,3345.36,3399.88,3306.38,3317.97,2730026395.0,2024-09-08,3561.771639,12.8470693,29.0716456,37.47591752,0.232347059,3330.199631276519,0,0
,3318.26,3322.79,3220.12,3236.92,2328795052.0,2024-09-09,3524.518809,10.67969289,38.34120944,41.26633474,0.219046154,3323.543422260667,0,1
,3239.14,3287.58,3179.55,3213.74,1909102100.0,2024-09-10,3475.815,8.740293997,38.19832422,45.5647923,0.103189474,3317.836906845678,0,1
,3222.86,3225.35,3157.4,3183.95,1974164858.0,2024-09-11,3422.4873,7.648282088,37.49855728,49.6754728,0.16485,3314.7504224864224,1,1
,3183.7,3322.83,3168.18,3320.33,2419664240.0,2024-09-12,3369.46984,22.17198328,27.66513644,41.9448207,0.11810902,3325.5018444990797,0,0
,3340.11,3386.86,3247.53,3271.07,3457690798.0,2024-09-15,3157.4,27.59443879,21.35774045,36.10393448,0.0183,3316.357751444474,0,1
,3273.01,3273.94,3175.51,3196.41,2200843484.0,2024-09-16,3161.9892,22.96989274,30.04073628,31.55085543,0.288503333,3337.7997933330225,0,1
,3200.98,3234.39,3162.25,3190.7,1647785277.0,2024-09-18,3386.86,19.91261736,28.48882434,28.78446596,0.244255742,3345.0773806742914,0,1
,3204.95,3270.91,3166.25,3200.85,1576143564.0,2024-09-22,3382.3678,22.82559957,22.94943189,23.08167752,0.187438095,3315.5168042666537,0,1
,3206.14,3208.35,3078.59,3108.24,1658927117.0,2024-09-23,3377.965444,17.54006492,33.27848586,24.65930886,0.1066,3314.5760565128007,0,1
,3107.37,3129.53,3002.65,3021.02,1659295456.0,2024-09-24,3365.990426,13.67083792,39.1403966,29.37295487,0.117095,3309.521973468542,1,0
,3027.54,3100.46,2974.55,3099.87,1559869296.0,2024-09-25,3344.190001,10.73372552,35.52608597,34.21711075,0.3205,3304.0723780129056,1,0
,3106.35,3126.78,3012.95,3028.53,1811469940.0,2024-09-26,3314.618801,13.15392856,28.58573646,34.76800184,0.14077337,3296.640629735148,1,0
,3017.06,3017.06,2930.77,2957.04,1289414028.0,2024-09-29,3287.413297,10.8734942,38.20356916,38.95201774,0.186070588,3303.908041338021,1,1
,2961.51,2993.28,2933.53,2993.28,874923417.0,2024-09-30,3251.748967,9.601751406,33.73535381,42.29923046,0.171930435,3309.684697930753,1,0
,2990.05,3172.44,2987.46,3172.44,2123075762.0,2024-10-01,3219.65107,36.78818945,23.22390994,38.35989928,0.231063158,2990.4893692861056,1,0
,3175.75,3187.56,3092.89,3117.43,1775385788.0,2024-10-02,3190.762963,33.32838006,19.36405467,35.98823453,0.252166176,2986.944840691257,1,0
,3116.07,3202.82,3082.36,3202.79,2003309112.0,2024-10-06,2930.77,29.00875942,15.31544581,34.96929451,0.13522,2998.0505790218212,1,0
,3207.37,3267.26,3203.28,3236.43,1709026698.0,2024-10-07,2936.211,37.71434168,13.43609669,37.46831417,0.177422222,2977.3863004037203,1,0
,3237.74,3241.68,3173.77,3204.02,1244321726.0,2024-10-08,2949.45296,32.46838622,17.61157951,35.90788491,0.330627778,2967.3224382113553,1,0
,3199.09,3221.85,3171.03,3221.85,1133727500.0,2024-10-09,2962.165242,28.73014876,16.20463348,34.30128333,0.641000877,2958.8290887139615,0,0
,3221.75,3246.88,3208.58,3245.33,779978214.5,2024-10-15,2974.369032,32.31363075,14.61901592,34.98145581,0.520890909,2955.40703380396,0,0
,3253.88,3323.93,3238.31,3314.71,1806856988.0,2024-10-16,2986.084671,44.69799099,11.48003367,39.81112596,0.3138,2947.803563163571,0,0
,3316.23,3346.23,3293.05,3310.68,2125781040.0,2024-10-17,3006.35539,44.30291856,9.83968867,44.57944023,0.164343968,2941.7070550675435,0,0
,3293.98,3307.36,3222.38,3239.66,2284125790.0,2024-10-20,3033.545359,34.16955283,25.8951631,38.41871038,0.161823077,2957.193741493129,0,0
,3239.13,3245.81,3161.12,3173.22,1699543669.0,2024-10-21,3058.56013,26.81600529,35.88923908,33.62889971,0.247518182,2954.4389467136307,1,1
,3174.8,3218.4,3164.76,3218.4,1180222134.0,2024-10-22,3081.57372,22.91217771,30.66454585,29.79705117,0.003916667,2955.97461525623,1,1
,3223.7,3242.77,3180.78,3201.27,1389662031.0,2024-10-23,3102.746222,25.76192593,25.3363166,24.00422566,0.29738125,2962.3345528126556,1,1
,3202.72,3234.92,3171.31,3212.92,1610596814.0,2024-10-24,3122.224925,21.06669864,23.43199016,20.26646422,0.229152801,2952.999174201291,1,1
,3216.03,3228.3,3194.31,3228.3,1275189360.0,2024-10-27,3140.145331,18.78046591,20.88906762,17.27625507,0.267821429,2944.9738725025395,1,1
,3224.46,3280.05,3211.05,3279.38,1688212144.0,2024-10-28,3156.632104,30.91937453,16.37870504,19.96952832,0.105661111,3242.4381076140257,1,0
,3282.43,3348.94,3280.99,3346.0,1963999765.0,2024-10-29,3171.799936,45.48916253,12.87542744,27.15148634,0.144323529,3244.0679635525726,1,0
,3353.83,3367.32,3314.64,3334.88,1837910575.0,2024-10-30,3189.513942,43.70437138,10.70735663,33.8498297,0.115948148,3258.901907521032,1,0
,3337.1,3372.87,3332.86,3360.75,1469090211.0,2024-11-05,3210.850669,39.59256211,9.231579955,39.51673654,0.236225,3260.8393423736884,1,0
,3367.81,3376.4,3352.4,3376.29,1710107365.0,2024-11-06,3233.533376,37.2617687,8.366899524,44.27861498,0.280583939,3252.5858134560035,1,0
,3383.15,3520.12,3380.45,3520.12,4090048588.0,2024-11-10,3256.392035,63.09966351,4.916899126,52.53130268,0.20133,3255.456930026059,1,0
,3521.66,3587.24,3481.04,3518.3,4283506782.0,2024-11-11,3303.863069,63.12773796,3.561487819,59.8888723,0.332775,3261.265241571013,0,0
,3523.08,3548.36,3487.03,3498.03,2646907741.0,2024-11-12,3360.538455,52.65062156,2.970398646,65.774928,0.247289474,3269.5071631925143,1,0
,3512.76,3527.14,3481.45,3526.64,2459129667.0,2024-11-13,3405.878764,45.60257008,4.207620196,69.24101919,0.43381875,3271.880166320314,0,0
,3528.71,3595.89,3510.97,3574.02,4008151526.0,2024-11-14,3442.151011,53.98989813,3.209466793,73.14840806,0.313435758,3266.5952197491088,0,0
,3589.25,3654.83,3588.72,3604.46,4659991170.0,2024-11-17,3472.898809,58.15963555,2.503133208,76.8682029,0.196006538,3263.3265787164287,0,0
,3613.93,3613.93,3479.24,3493.59,4040936692.0,2024-11-19,3654.83,39.87581928,27.26937546,65.24954252,0.11926,3267.7539654962457,1,1
,3489.43,3538.68,3462.46,3538.58,2561310310.0,2024-11-20,3654.83,32.62155415,26.31353195,54.34030186,0.217954545,3269.7302100920074,1,0
,3544.54,3557.51,3497.49,3506.5,3003635867.0,2024-11-21,3647.1352,32.43191317,22.31720768,47.16717041,0.230791123,3270.769962315443,1,1
,3515.8,3543.81,3473.51,3491.97,2860426223.0,2024-11-24,3639.748192,26.53227461,24.46258944,38.54545931,0.1881,3269.4579333607953,1,1
,3505.07,3521.63,3474.82,3507.67,2529174830.0,2024-11-25,3632.656664,23.04334863,21.24582174,31.64809044,0.2016,3504.4593423533397,1,1
,3530.53,3578.18,3513.84,3576.9,2860102134.0,2024-11-26,3625.848798,34.38675705,17.02944154,32.07016383,0.17318,3511.7663992369894,1,0
,3589.72,3636.85,3587.98,3636.85,3457298358.0,2024-11-27,3462.46,45.44341623,14.06324311,36.20290801,0.134611765,3498.963562672463,1,0
,3651.25,3651.25,3565.99,3579.03,2820790755.0,2024-11-28,3465.9478,34.69899841,16.83626082,35.89456575,0.142825339,3513.832126091371,1,0
,3575.56,3575.57,3501.4,3538.16,2587708360.0,2024-12-01,3473.359888,27.34152206,30.90834078,29.94031427,0.157688889,3506.1571577211967,1,0
,3537.47,3595.2,3536.61,3560.35,3615052336.0,2024-12-02,3480.475492,28.36877277,25.75610186,24.91767478,0.145394737,3511.2665336451028,0,0
,3577.87,3631.05,3577.87,3626.44,3753442958.0,2024-12-03,3487.306473,32.85695715,20.58124945,24.52849599,0.24745,3505.6467846374107,0,0
,3642.35,3706.09,3613.45,3648.16,4772803116.0,2024-12-04,3493.864214,44.77770806,15.48528683,29.34432533,0.157023529,3502.983449824011,0,0
,3651.52,3661.65,3588.79,3615.98,3379687384.0,2024-12-05,3506.597761,36.01175051,19.0796396,29.62237755,0.118608254,3507.4038627510913,0,0
,3618.18,3618.6,3520.72,3544.3,2970388398.0,2024-12-08,3518.567295,27.10218361,31.56497057,25.21929404,0.053042857,3501.5603305808104,0,0
,3644.59,3580.76,3511.5,3524.99,2113279884.0,2024-12-09,3706.09,22.23619238,28.28781654,22.57097917,0.045716667,3512.0503107276027,0,0
,3526.63,3553.52,3495.28,3513.28,1696217605.0,2024-12-10,3702.1982,18.70601034,28.2183531,22.11111335,0.347615385,3512.1275720607664,0,0
,3510.37,3583.93,3498.73,3582.39,2089927913.0,2024-12-11,3693.921472,22.52785946,21.86940375,17.98551064,0.312313333,3509.7495948610162,0,0
,3582.76,3606.78,3539.01,3546.68,2680491467.0,2024-12-12,3685.975813,24.57334791,17.87144904,17.5463451,0.227975613,3514.861949851041,0,0
,3544.85,3546.55,3445.21,3462.74,2405212390.0,2024-12-16,3678.347981,18.3090014,36.8810782,20.76729895,0.133764706,3511.788362181931,1,0
,3465.85,3482.28,3430.04,3467.72,1774962834.0,2024-12-17,3664.359702,15.72865225,35.77587486,24.39848402,0.231886957,3463.0129161151735,1,0
,3471.02,3502.08,3443.52,3454.95,1609637027.0,2024-12-18,3645.614126,18.71073661,29.87598434,24.11479515,0.152711765,3466.884165146776,1,1
,3455.53,3468.14,3391.44,3402.23,1796476825.0,2024-12-19,3628.368196,14.73290505,37.95993972,28.10784701,0.218007534,3467.73042236175,1,1
,3409.55,3451.58,3377.85,3424.39,1990978890.0,2024-12-22,3604.675376,11.73511212,33.98649605,32.21969899,0.068164706,3466.8911883849073,0,1
,3419.85,3515.26,3418.93,3515.26,2009749623.0,2024-12-23,3577.456331,25.29646982,25.50949202,25.85961635,0.123121053,3455.167823696214,0,0
,3523.26,3567.79,3513.58,3540.36,2217876938.0,2024-12-24,3377.85,35.98451481,21.7018164,25.63954151,0.237923077,3457.7717555353956,0,0
,3534.02,3534.35,3486.4,3494.98,1491938742.0,2024-12-26,3381.6488,30.34821779,26.19224884,21.98171974,0.3017875,3460.100779148593,1,0
,3490.88,3493.21,3420.18,3434.32,1695158833.0,2024-12-29,3385.371624,23.86982677,39.49927462,22.51820505,0.221866667,3467.2518726716025,1,1
,3436.03,3436.69,3319.71,3374.71,1908445145.0,2024-12-31,3567.79,16.84169614,53.15732569,28.39060319,0.03622,3464.4256828613447,1,1
,3371.73,3417.95,3360.27,3416.71,1138252936.0,2025-01-01,3562.8284,14.25481845,44.99238203,33.0885217,0.234090909,3454.1999529619607,1,1
,3428.49,3480.9,3416.21,3480.63,1631246118.0,2025-01-02,3557.966032,28.9706388,37.02059972,28.91052333,0.172819394,3455.047806366098,1,1
,3485.37,3538.97,3462.73,3538.97,2101718750.0,2025-01-05,3553.200911,38.73991603,29.3576849,25.88394338,0.171075,3454.974986208139,1,1
,3547.73,3664.78,3538.9,3664.68,3203005473.0,2025-01-06,3319.71,57.06018326,20.57008189,30.10815348,0.199525,3454.57002736963,0,1
,3671.63,3686.57,3625.9,3680.24,2678250951.0,2025-01-07,3326.6114,53.82967997,17.4273505,34.30371236,0.1461,3454.3755080065625,0,1
,3692.65,3692.65,3657.88,3688.93,2758776263.0,2025-01-08,3341.009744,50.24434742,15.70811267,37.91603934,0.1777,3451.1164571273534,0,1
,3693.01,3699.2,3648.82,3674.62,3713906774.0,2025-01-09,3362.108159,42.62775762,16.05301459,39.39022524,0.061039583,3700.5298887929744,1,1
,3683.89,3683.89,3604.24,3621.7,1738699700.0,2025-01-12,3389.075507,32.80121195,25.25464299,34.11194174,0.1249,3697.4252514576597,1,1
,3613.43,3624.45,3568.19,3603.65,2636813217.0,2025-01-13,3413.885466,27.25412903,31.82005869,28.8353824,0.352866667,3697.9048616735727,1,1
,3611.59,3667.13,3586.59,3667.11,2872966541.0,2025-01-15,3436.710629,33.23351889,24.42774934,26.12261597,0.008428,3695.95254651934,1,1
,3669.79,3681.95,3641.18,3669.77,2801422306.0,2025-01-16,3457.709778,33.63296216,21.29707298,25.38958424,0.239020513,3690.3861877842087,1,1
,3670.3,3687.94,3648.44,3684.6,3167774605.0,2025-01-19,3477.028996,31.15160442,18.4356642,25.44037908,0.213545455,3700.326418848928,1,1
,3675.55,3697.4,3668.59,3683.53,3235659104.0,2025-01-20,3494.802677,31.33539782,16.42383653,26.59677577,0.34008,3702.6091517550963,1,1
,3687.09,3690.18,3639.69,3649.5,2624976335.0,2025-01-21,3511.154462,25.28968479,24.29854465,21.67716876,0.196906667,3711.669837101292,1,1
,3647.44,3727.69,3639.82,3727.19,3344873984.0,2025-01-22,3526.198105,30.43324987,17.11505018,22.94370171,0.299863636,3716.0613180227574,1,0
,3720.28,3730.4,3687.13,3706.62,3314582992.0,2025-01-23,3546.347295,26.71203604,14.48004388,24.29396333,0.248083929,3718.128165288389,1,1
,3705.34,3751.65,3690.27,3726.7,3833218215.0,2025-01-26,3568.433619,28.40798805,11.37479135,27.99827105,0.027084615,3722.1024259456663,1,1
,3725.63,3780.31,3719.53,3739.53,4344312309.0,2025-01-27,3594.083913,32.34013362,8.988783842,33.69886433,0.06908,3718.177673487662,1,1
,3740.5,3797.54,3738.99,3795.56,4510966713.0,2025-01-28,3623.880087,31.75286984,7.176196621,39.58547861,0.238603016,3718.0482982771805,1,1
,3811.35,3873.3,3811.34,3849.23,5846469656.0,2025-02-02,3655.138871,48.22751472,5.376729814,47.65621567,0.3533,3714.1567513333484,0,0
,3853.13,3892.47,3804.34,3830.42,5253518038.0,2025-02-03,3698.771097,41.28627547,3.967083646,54.61841857,0.117670588,3711.8283120668552,0,1
,3831.83,3851.7,3810.72,3836.51,4406273103.0,2025-02-04,3737.510878,35.82672147,3.442490251,60.18818089,0.258164286,3821.499061369367,0,1
,3838.92,3878.82,3821.81,3838.13,4482756043.0,2025-02-05,3768.502702,38.02237282,2.798877728,65.4079754,0.20725,3834.1937162410754,0,1
,3841.47,3865.44,3816.51,3823.83,4535525496.0,2025-02-06,3793.296162,31.67002388,4.140927811,67.70106028,0.265146667,3833.2410019653,0,1
,3829.87,3863.43,3779.48,3804.43,3905339212.0,2025-02-09,3892.47,23.31587308,14.68415394,58.70385507,0.31866,3842.2511596176546,1,1
,3816.26,3816.26,3751.88,3775.18,3068099744.0,2025-02-10,3890.2102,18.60999682,20.37303603,47.86760024,0.40093125,3846.396413154861,1,1
,3774.1,3837.38,3762.22,3834.46,3416748704.0,2025-02-11,3884.676992,20.76918328,15.73774393,41.05051013,0.228161111,3840.9701147877195,0,1
,3841.95,3850.03,3808.13,3832.91,4040585800.0,2025-02-12,3879.365112,22.05854966,13.58403328,37.59568434,0.300646154,3844.034433768206,0,1
,3833.17,3833.41,3790.12,3798.12,3005708421.0,2025-02-13,3874.265708,18.74551595,17.79229955,30.59831726,0.194619091,3843.4837305013743,0,1
,3794.96,3815.84,3778.51,3811.87,3629820075.0,2025-02-16,3869.37028,16.13359272,19.64667799,26.44235346,0.1978,3848.9180826976085,0,1
,3815.74,3828.39,3793.99,3805.8,3382797984.0,2025-02-17,3864.670668,18.94789589,16.9295026,22.27904423,0.367741667,3847.3270582680443,0,1
,3808.07,3832.97,3781.45,3807.2,3473209772.0,2025-02-18,3860.159042,15.05098202,18.45359331,19.8543677,0.322481667,3845.8896412099484,1,0
,3806.75,3807.18,3763.47,3778.59,2780192203.0,2025-02-20,3855.82788,12.35500401,22.51294204,21.71001346,0.211717196,3851.706243627453,1,0
,3761.98,3777.39,3699.35,3757.13,3283642721.0,2025-02-23,3851.669965,8.789092598,39.37006797,30.06797273,0.043817647,3849.8698172494055,1,0
,3756.94,3802.26,3732.01,3751.2,3547985789.0,2025-02-24,3842.530767,15.23837122,29.82931229,30.52950179,0.183961538,3855.056542682369,1,1
,3746.07,3762.77,3733.74,3751.13,2923185557.0,2025-02-25,3833.939921,13.5430784,26.51075427,30.89872504,0.346307143,3855.639969129512,1,0
,3750.59,3818.96,3743.59,3818.93,3741599850.0,2025-02-27,3825.864526,29.72717043,19.47815961,28.88479329,0.314440476,3753.364150651986,0,0
,3826.96,3894.96,3824.24,3894.76,4432842194.0,2025-03-02,3699.35,47.33137741,14.59589999,33.68006671,0.199892308,3755.27818446656,0,0
,3902.4,3938.55,3834.6,3847.34,4109412616.0,2025-03-03,3703.2622,45.71257468,10.2185467,39.63610284,0.108611111,3748.0144895621065,0,0
,3851.94,3874.61,3792.46,3805.45,4508210929.0,2025-03-04,3712.673712,35.26495896,19.60689822,37.41601942,0.216,3753.7491615731187,0,0
,3808.32,3819.52,3772.3,3791.27,4011933315.0,2025-03-05,3721.708764,30.29078997,22.86333248,32.72750281,0.203881818,3750.5098978456826,0,0
,3786.27,3809.28,3767.75,3788.63,2707723715.0,2025-03-06,3730.382413,26.22424072,21.26476023,28.27068822,0.321286667,3750.9223954604263,0,0
,3790.46,3795.58,3710.76,3725.66,2856867709.0,2025-03-09,3938.55,19.53042811,32.98714139,27.74120253,0.202723529,3751.2976350111903,0,1
,3727.9,3751.04,3665.73,3682.32,2618273853.0,2025-03-10,3933.9942,14.78559352,37.79669548,30.94537749,0.175253846,3746.929341236858,0,1
,3681.67,3689.55,3610.19,3626.41,2348449751.0,2025-03-11,3923.263632,11.52871274,44.88691315,36.58217466,0.108191667,3748.576502903168,0,1
,3624.91,3657.58,3620.4,3657.58,2335127396.0,2025-03-12,3904.479214,10.21146116,39.75820897,41.09161239,0.275180833,3746.605091686925,0,1
,3654.03,3663.63,3593.26,3610.35,2187894203.0,2025-03-16,3886.821861,8.038503381,39.50484609,46.11019605,0.08238,3749.3817301810705,0,0
,3609.24,3640.06,3585.57,3602.02,1582655007.0,2025-03-17,3863.336912,6.66559491,35.16807884,50.5147315,0.343961538,3748.8274843166832,0,0
,3601.17,3625.55,3577.21,3595.66,1487685601.0,2025-03-18,3835.560221,5.604194119,32.32191355,54.50114004,0.217807692,3747.096129611295,0,0
,3594.25,3607.87,3553.18,3571.5,1711839032.0,2025-03-19,3804.558195,4.574137696,34.45706517,58.91323923,0.016618182,3749.4314709598384,0,0
,3571.68,3572.39,3541.54,3546.61,1561882467.0,2025-03-20,3769.365247,4.049342753,34.83268165,62.9648178,0.046647578,3747.9234070268267,0,0
,3545.75,3547.17,3454.91,3457.68,2006223796.0,2025-03-23,3732.913208,2.833902517,52.56147876,68.32554464,0.35342,3549.5294305577863,1,1
,3454.85,3505.07,3421.54,3490.77,1325348862.0,2025-03-24,3682.87263,2.115335384,49.36362836,73.01678539,0.120127778,3538.526398398902,0,1
,3484.79,3484.85,3371.87,3375.12,1667018467.0,2025-03-25,3630.606104,1.457684547,47.00422448,77.21026931,0.23062,3536.0264720476184,1,1
,3374.79,3439.19,3370.92,3432.57,1176975598.0,2025-03-26,3578.858883,1.191757706,38.68305595,80.57271624,0.190358333,3530.9802162590413,1,1
,3428.85,3476.61,3427.77,3470.27,1308141969.0,2025-03-27,3537.271107,11.7707182,33.25750277,74.00186986,0.010536667,3530.9824703898967,0,1
,3468.69,3555.53,3461.41,3523.72,2279892901.0,2025-03-30,3370.92,29.97363759,24.85869196,61.0671637,0.282270833,3533.1721191729484,0,1
,3523.02,3536.81,3460.63,3488.67,1755742591.0,2025-04-01,3374.6122,23.87379435,20.00814453,50.6155719,0.208775,3533.3340470629746,0,1
,3491.23,3515.96,3472.75,3503.52,1912562407.0,2025-04-02,3378.230556,20.86343497,17.48522318,42.25429846,0.24366,3532.912761628709,0,1
,3501.05,3540.08,3495.63,3504.91,2777168372.0,2025-04-03,3381.776545,25.52336077,15.04569102,38.96878983,0.298196212,3529.754639822423,0,1
,3508.91,3518.65,3455.14,3456.76,1987100690.0,2025-04-07,3385.251614,20.43206817,24.76176758,33.09108937,0.250484211,3526.1203116558777,1,1
,3457.79,3459.79,3397.51,3439.47,1623351989.0,2025-04-08,3388.657182,16.4176865,38.07723206,34.42206974,0.173341667,3526.213981359904,1,1
,3451.07,3478.67,3440.81,3442.4,1474753116.0,2025-04-09,3391.994638,20.66792166,32.97928782,32.1274066,0.296626667,3520.578140242475,1,1
,3443.85,3470.52,3440.54,3445.77,2124967044.0,2025-04-10,3395.265345,18.32274377,29.3393365,30.32471668,0.055449074,3520.0128998380574,1,1
,3443.75,3454.05,3417.99,3430.07,2117419720.0,2025-04-13,3398.470638,15.65241651,34.1771703,31.69501613,0.2254125,3517.406728336627,1,1
,3434.62,3502.91,3423.0,3480.7,4577330122.0,2025-04-15,3401.611826,28.73561507,24.34790591,27.00914709,0.226025,3519.2021429473675,1,0
,3480.55,3541.01,3474.03,3537.52,3846146366.0,2025-04-16,3404.690189,35.25317403,18.71005084,27.73857584,0.21514375,3484.9256449078885,0,0
,3550.38,3611.31,3543.04,3577.66,5303351586.0,2025-04-17,3407.706985,49.76386458,14.1864174,33.31745655,0.10645,3485.987453889778,0,0
,3571.11,3579.95,3524.38,3533.9,4020483544.0,2025-04-20,3415.851106,40.53764385,17.78185225,34.45780208,0.25482,3486.161254313946,0,0
,3539.55,3592.05,3523.62,3561.26,4479001085.0,2025-04-21,3423.669462,35.4632808,13.83390963,36.34133451,0.32572,3486.2908746107396,0,0
,3556.01,3592.13,3535.43,3537.28,4226486065.0,2025-04-22,3431.175083,28.85940041,11.24750456,37.85554328,0.192991667,3480.3081090186197,0,0
,3534.51,3537.82,3469.16,3474.04,3334968321.0,2025-04-23,3438.38048,22.49373352,30.05629593,33.16266799,0.059391667,3474.2335262807546,1,1
,3469.96,3494.56,3452.6,3481.77,3953517192.0,2025-04-24,3445.297661,19.25010314,31.4132123,31.33167928,0.184851111,3474.716505959419,1,0
,3486.92,3539.65,3486.6,3519.02,5351262877.0,2025-04-27,3451.938154,30.92952753,25.15792009,27.12341798,0.18192,3468.8861850650696,0,0
,3519.16,3547.83,3475.67,3492.48,4988444189.0,2025-04-28,3452.6,23.60451529,22.78701819,22.05116814,0.095173333,3470.2618422987143,1,0
,3493.51,3513.67,3476.07,3485.34,4331379729.0,2025-04-29,3458.9484,20.45001839,19.74177123,17.99336826,0.183766667,3477.2579191587465,1,0
,3485.89,3528.82,3483.1,3506.91,5768435667.0,2025-04-30,3465.042864,22.59188915,16.40874473,17.56548636,0.287337363,3481.8583781926022,1,1
,3524.16,3541.89,3493.55,3503.52,5449480745.0,2025-05-04,3470.893549,23.40291674,13.41534376,19.47772578,0.237664286,3481.5826240746,1,1
,3505.4,3505.39,3457.68,3477.51,4532370688.0,2025-05-05,3611.31,19.10345378,24.76305189,18.16255397,0.22433125,3483.616555825065,1,1
,3485.03,3536.57,3485.02,3526.26,5812502008.0,2025-05-06,3608.2374,26.56081877,19.28174028,17.70572911,0.328627273,3483.2377305205596,0,1
,3536.61,3642.45,3536.6,3636.75,6961964338.0,2025-05-07,3457.68,49.31843549,12.48547102,26.08388307,0.23898125,3478.154249601953,0,1
,3646.87,3682.14,3600.49,3637.92,7636144313.0,2025-05-08,3461.3754,49.15093066,9.5336968,34.36884808,0.26996746,3634.8162596770258,0,1
,3644.97,3670.79,3583.89,3588.99,6192769248.0,2025-05-11,3470.205984,37.39070906,11.82318071,37.88544934,0.328596667,3629.404511738709,0,1
,3581.12,3612.98,3538.18,3546.55,5249768805.0,2025-05-13,3478.683345,29.73558713,21.91375548,33.33718085,0.441186667,3632.390977610862,0,1
,3541.83,3552.82,3472.81,3477.03,4283143590.0,2025-05-14,3682.14,23.34506684,34.76299985,30.5996407,0.223107692,3631.6809188822367,1,1
,3477.35,3483.68,3445.24,3454.42,3392914721.0,2025-05-15,3677.9534,20.67645775,38.98785657,30.6178536,0.122853333,3636.99659301428,0,1
,3453.36,3471.53,3397.57,3407.26,3530911064.0,2025-05-18,3668.644864,16.21779051,44.47931866,33.80659727,0.30509,3647.666306917994,1,1
,3405.06,3456.16,3404.61,3439.5,2959952270.0,2025-05-19,3652.380372,13.65276684,37.44442047,36.35759221,0.261145455,3645.6419451608376,0,1
,3439.99,3529.15,3413.87,3523.85,3129384567.0,2025-05-20,3637.09175,28.87803598,25.96493832,30.148415,0.296842857,3645.0347647843278,0,1
,3569.2,3648.36,3487.7,3488.61,4994748746.0,2025-05-21,3397.57,44.65647097,16.92551285,33.12492387,0.16968,3649.4103883371,0,1
,3484.54,3508.1,3445.03,3450.06,3916406664.0,2025-05-22,3402.5858,38.14068125,24.32740951,30.92244396,0.21562037,3654.9588019241187,1,1
,3449.04,3459.35,3418.84,3437.36,3292680615.0,2025-05-25,3407.501284,34.14114062,28.55582514,26.51964122,0.339578571,3649.978014620468,0,1
,3478.15,3522.82,3432.29,3435.2,3423855646.0,2025-05-26,3412.318458,42.29017714,22.08615576,27.49256053,0.23391875,3647.976324186088,0,1
,3438.84,3461.99,3417.51,3440.32,3349461004.0,2025-05-27,3417.039289,37.12446868,23.44717334,26.5101206,0.12826,3650.2042315475987,1,1
,3442.08,3486.24,3439.97,3471.06,4723406140.0,2025-05-28,3417.51,39.2194927,20.23347187,27.59500114,0.143075932,3647.7422037349934,1,0
,3499.38,3516.21,3449.01,3458.82,4307098814.0,2025-06-02,3417.51,40.29119001,16.20200135,30.60417504,0.33648125,3650.083418207206,1,1
,3458.87,3467.43,3421.47,3425.43,3130754815.0,2025-06-03,3648.36,34.4269425,22.56525257,28.64590647,0.159805263,3459.855674013811,1,1
,3425.27,3436.35,3402.44,3411.97,2543309131.0,2025-06-04,3643.8222,30.35261369,26.53625771,24.25841324,0.168188889,3461.979683088775,1,1
,3415.0,3456.47,3410.25,3450.83,4542533471.0,2025-06-05,3634.166912,32.56396015,22.0834264,23.242425,0.159084314,3470.3214674113988,1,1
,3452.28,3496.85,3451.68,3493.26,5373260047.0,2025-06-08,3624.897836,42.09715346,18.26820948,26.48884623,0.212842105,3470.042736961803,1,0
,3504.18,3580.33,3489.22,3575.5,4966410006.0,2025-06-09,3615.999522,56.93074088,12.79693778,33.84998201,0.427129412,3469.622678875172,1,0
,3590.79,3630.09,3584.6,3592.06,5256384225.0,2025-06-10,3402.44,63.20058406,10.45236409,41.40343668,0.044864706,3465.0134836635225,1,0
,3601.89,3637.85,3573.13,3632.9,6294071672.0,2025-06-11,3406.993,49.70495966,12.00480199,45.34128874,0.325763636,3462.080939270665,1,0
,3643.26,3695.16,3632.82,3641.14,8287533006.0,2025-06-12,3416.22728,58.34115796,9.549563359,50.64659888,0.15622735,3461.4791330117414,0,0
,3651.03,3684.31,3651.01,3676.15,7910419364.0,2025-06-15,3432.963243,49.56612187,8.113222943,54.89084699,0.2216,3459.541475519202,0,0
,3679.31,3728.84,3635.45,3639.14,9053853714.0,2025-06-16,3448.695049,49.02129835,5.767449725,59.70199571,0.271108333,3458.861287390171,0,0
,3642.0,3653.58,3604.49,3649.0,4864132399.0,2025-06-17,3471.106645,41.19525152,14.91521835,57.12884415,0.086023077,3459.9721961240652,0,0
,3649.22,3679.25,3642.28,3676.05,6032775367.0,2025-06-18,3491.725313,44.88480118,12.96650876,56.73767158,0.2417,3462.4676718476185,0,0
,3674.43,3693.44,3618.44,3626.47,7651222578.0,2025-06-19,3510.694488,33.71467054,17.65013478,51.64521238,0.042578846,3466.3871149602032,0,0
,3624.87,3629.53,3521.43,3525.5,6166214089.0,2025-06-22,3728.84,23.27771661,39.9670913,46.59387577,0.074,3466.9595042564215,1,1
,3527.34,3552.62,3494.04,3540.36,4337201843.0,2025-06-23,3724.6918,19.24262922,41.14401725,44.52881955,0.362941176,3466.9802267445884,1,0
,3542.9,3591.21,3520.31,3524.67,3514271754.0,2025-06-24,3715.465728,26.55309284,32.59571358,37.66624843,-0.149783333,3543.725218257201,1,1
,3527.68,3554.36,3505.46,3548.39,3663842026.0,2025-06-25,3706.608699,22.51940098,32.25731555,33.68849282,0.231546667,3543.0440952796794,1,0
,3542.36,3600.4,3541.93,3552.22,5443945820.0,2025-06-26,3698.105951,32.92254321,26.28850559,29.19160497,0.144990476,3542.6189578883964,1,0
,3552.26,3575.79,3550.46,3571.62,4388299386.0,2025-06-29,3689.943313,29.92411941,23.8942774,25.59409469,0.229670588,3540.6962001166353,0,0
,3567.29,3596.25,3551.43,3561.49,3739773541.0,2025-06-30,3682.10718,32.56068614,19.88802757,25.30767589,0.249588889,3536.137864389086,0,0
,3569.14,3616.41,3565.2,3610.92,3680987689.0,2025-07-01,3674.584493,33.4081155,15.82420515,27.38937919,0.299773333,3537.865288539305,0,0
,3620.69,3658.05,3613.25,3628.05,4563294196.0,2025-07-02,3667.362713,43.28597978,12.97928166,32.68429542,0.20846,3539.196343171558,0,0
,3634.19,3644.27,3600.04,3606.56,4145017501.0,2025-07-03,3660.429805,35.74692517,15.92052185,33.82205719,0.2552,3539.3427798010844,0,0
,3608.48,3616.26,3562.25,3568.34,3301067085.0,2025-07-06,3658.05,28.23946069,27.27152497,27.40638239,0.248807143,3531.8467172621367,0,0
,3558.2,3577.63,3525.85,3531.8,2862256176.0,2025-07-07,3651.4896,22.56120684,35.92296177,26.49446382,0.166154545,3536.88296932715,1,1
,3532.44,3562.6,3502.52,3552.65,2754441323.0,2025-07-08,3645.191616,17.4671994,36.57968242,28.26812821,0.061518182,3537.2429791625245,1,0
,3547.7,3589.5,3547.68,3571.86,3294601566.0,2025-07-09,3639.145551,25.16083003,30.57340747,24.55678353,0.23705625,3537.0528466474225,1,0
,3571.57,3593.03,3556.21,3563.94,3399916647.0,2025-07-10,3633.341329,22.77728542,25.89415215,20.9262054,0.285350392,3536.746142664124,1,0
,3606.5,3642.26,3531.52,3534.32,3604698925.0,2025-07-13,3494.04,30.69497025,16.43664301,22.7913947,0.260176923,3537.377914958597,1,1
,3535.01,3553.14,3518.53,3539.65,2885541197.0,2025-07-14,3497.0044,26.86211536,19.0708654,21.62555833,0.13034,3534.219659824078,1,0
,3538.66,3608.36,3535.83,3600.39,3471019553.0,2025-07-15,3499.909512,39.00653376,14.37032458,26.53149171,0.201011111,3543.650091889607,1,0
,3599.86,3649.27,3594.95,3646.78,5059656284.0,2025-07-16,3502.756522,45.81337262,11.67613258,33.10118357,0.116988889,3548.1564695197535,1,0
,3649.12,3773.7,3648.45,3757.78,6545671859.0,2025-07-17,3508.617061,64.29190657,7.544800898,42.27986295,0.31121244,3542.354508709254,1,0
,3762.08,3823.25,3736.32,3741.93,7717279151.0,2025-07-20,3524.522037,62.59652323,5.790646773,50.43691191,0.352661905,3535.6959827359938,1,0
,3744.85,3777.3,3719.97,3759.22,5306063371.0,2025-07-21,3548.420274,52.52863557,9.446241387,54.25270975,0.231238462,3531.536888763699,1,0
,3762.04,3833.44,3761.75,3830.73,6181939123.0,2025-07-22,3570.406652,57.30168859,7.495364272,58.7751893,0.28865,3535.9957886753236,1,0
,3844.86,3876.58,3810.44,3864.48,7353015279.0,2025-07-23,3596.709987,58.78360281,6.093539424,63.2631799,0.121935714,3538.2985809189245,0,0
,3873.6,3948.88,3871.56,3941.95,8402521191.0,2025-07-24,3630.294389,64.95997789,4.693386185,67.91526208,0.220533083,3535.5159785004807,0,0
,3945.56,3996.43,3885.22,3898.73,11625804472.0,2025-07-27,3674.896374,58.86410107,3.404809715,72.14504456,0.027041667,3529.828243554861,0,0
,3904.03,3904.24,3823.72,3889.14,6563976382.0,2025-07-28,3726.341754,47.14856158,17.92854485,66.69615733,0.135761538,3526.4976363922133,0,0
,3889.86,3945.73,3889.86,3906.4,6528465733.0,2025-07-29,3769.555874,51.04306091,15.26032558,64.15056318,0.358942857,3528.8226920608904,0,0
,3908.64,3927.14,3834.1,3842.53,5863403964.0,2025-07-30,3805.855734,39.08782817,25.72307682,55.44467975,0.226895238,3529.2644455662576,0,0
,3840.38,3858.99,3790.71,3797.97,4807154719.0,2025-07-31,3996.43,32.1747649,32.41263425,44.42940193,0.123004762,3528.975675268499,0,0
,3792.72,3805.22,3743.02,3748.47,4286733939.0,2025-08-03,3992.3156,26.78130337,39.83184387,39.46182928,0.310842857,3526.696434612001,0,1
,3759.43,3776.51,3714.54,3757.86,3908306066.0,2025-08-04,3982.343776,22.15596069,40.88983133,37.51240427,0.243853333,3525.319989295753,0,1
,3759.02,3776.33,3691.72,3697.99,3390996091.0,2025-08-05,3966.275549,17.1120763,37.72111527,37.52691755,0.33415,3775.4849071910007,0,1
,3700.71,3724.76,3687.83,3692.31,2936796638.0,2025-08-06,3944.311105,15.22147906,34.71733363,37.82943075,0.129971429,3780.2161828338913,0,1
,3696.97,3731.33,3693.39,3720.07,3471358865.0,2025-08-07,3918.662995,15.42726334,30.29647718,36.76748048,0.27946375,3787.644430404917,0,1
,3723.98,3742.03,3662.07,3667.26,3588634305.0,2025-08-11,3895.579695,11.63286928,32.47885172,38.86543265,0.3081875,3788.3876649596286,0,1
,3666.74,3667.68,3618.48,3620.96,2605388378.0,2025-08-12,3867.558532,9.782330465,41.40612902,43.44817744,0.232158824,3782.424404275082,0,1
,3630.7,3652.84,3606.72,3609.83,2519447708.0,2025-08-13,3832.687538,8.245390844,38.90685142,47.76384525,0.219352381,3791.5768684712193,0,1
,3609.77,3624.06,3593.62,3602.28,2724380842.0,2025-08-14,3796.532732,7.299245589,39.38060482,51.95634699,0.251796581,3786.4646234435577,0,1
,3607.78,3624.42,3572.12,3574.52,2595810758.0,2025-08-17,3760.00844,5.856068114,39.72233352,56.4257415,0.248885714,3784.9607200326163,0,1
,3574.76,3620.74,3569.19,3609.29,2697978473.0,2025-08-18,3722.430752,4.708961255,33.05474836,60.1527768,0.27648,3780.484672163755,0,1
,3608.43,3639.8,3607.3,3615.33,2444856851.0,2025-08-19,3691.782601,11.92179342,28.63445244,56.3639404,0.198965217,3778.672289567714,0,1
,3622.3,3622.3,3592.22,3594.34,1899852716.0,2025-08-20,3667.264081,10.32447994,31.51488198,55.22056207,0.181291667,3783.617752959499,1,0
,3590.35,3605.74,3573.86,3575.34,1802052153.0,2025-08-21,3647.649265,8.768133693,35.44567713,56.24396564,0.2342,3781.0722246776627,0,0
,3571.48,3588.96,3530.63,3532.49,1580058207.0,2025-08-24,3631.957412,6.520203329,45.3589628,59.96794959,0.139675,3780.135672790096,0,1
,3525.12,3548.09,3512.23,3544.03,1579133037.0,2025-08-25,3611.69193,5.447042575,46.33855186,63.76697912,0.286207143,3778.5655608118923,0,0
,3544.2,3559.59,3539.56,3546.6,1061614605.0,2025-08-26,3591.799544,10.80338162,41.56233282,62.76132761,0.20655,3777.243915595126,0,0
,3558.83,3617.88,3550.26,3612.4,2406445637.0,2025-08-27,3512.23,33.11462419,28.49664525,51.70813165,0.1841,3540.6414522078207,0,0
,3617.22,3628.96,3556.11,3560.21,2539584531.0,2025-08-28,3514.343,27.98413846,20.33136938,44.5343367,0.187747504,3537.3121215393726,0,0
,3567.04,3569.69,3504.81,3507.82,2051755646.0,2025-08-31,3628.96,21.21644074,34.53651891,40.40571907,0.03977,3537.9771881896318,0,1
,3512.56,3521.31,3487.49,3510.63,1415851487.0,2025-09-01,3628.96,18.32826772,36.80657649,39.02752655,0.27049,3535.3947962278776,0,1
,3523.11,3523.11,3473.84,3476.7,1505033402.0,2025-09-02,3623.3012,14.68733502,34.99843503,39.39784301,0.220626667,3536.6662679176075,0,1
,3475.26,3479.53,3441.31,3444.27,2008322706.0,2025-09-03,3614.333528,12.31514765,43.09248116,42.62769532,0.238464706,3532.337431839728,0,1
,3444.38,3459.76,3406.98,3443.26,2190918026.0,2025-09-04,3600.491646,9.630228103,47.87820752,47.40384982,0.125105556,3529.5100628445634,1,1
,3442.54,3449.39,3417.55,3419.81,1703548596.0,2025-09-07,3581.140481,8.270540244,41.11830352,51.22477343,0.151275,3525.3517113155317,1,1
,3414.19,3421.08,3361.22,3372.38,2215469483.0,2025-09-08,3563.724433,6.210046986,54.31870091,56.8759526,0.007095016,3526.15751007066,1,1
,3332.13,3332.49,3187.69,3189.94,293183425.1,2025-09-18,3539.423901,3.167023563,73.74232499,63.85361586,0.182180952,3527.354604698042,1,1
,3162.05,3381.64,3162.05,3376.16,2630902623.0,2025-09-21,3490.181155,11.2641909,42.66840645,62.72861979,0.287707143,3525.1837781664076,1,1
,3385.46,3487.89,3385.21,3487.89,1966363757.0,2025-09-23,3162.05,28.98281699,33.64997193,51.67321904,0.226475,3523.852295326658,0,0
,3493.79,3500.62,3440.94,3454.21,1661793609.0,2025-09-24,3162.05,28.03645174,29.48850442,41.84341792,0.07417,3522.235962440418,0,1
,3462.68,3473.67,3428.58,3452.83,1304278249.0,2025-09-25,3175.5928,25.10439122,29.27132655,35.00737997,0.145060648,3522.3041449161356,0,1
,3459.92,3477.8,3441.14,3477.29,1304317431.0,2025-09-28,3188.593888,23.77485375,26.45911824,29.07460884,0.429598977,3523.068048531731,0,0
,3470.41,3472.57,3360.71,3381.8,2097933558.0,2025-10-07,3201.074932,17.20450013,38.21318214,30.84162884,-0.181354545,3463.385249841349,0,1
,3385.3,3386.03,3266.88,3302.41,2404393046.0,2025-10-08,3213.056735,12.71523473,48.7905414,36.40400836,-0.144922222,3477.7359002816047,0,1
,3332.66,3461.89,3315.83,3333.96,1965509925.0,2025-10-09,3224.559266,23.30665249,33.96318264,32.8447226,0.061679167,3470.19134441759,0,1
,3331.6,3332.16,3193.79,3207.46,2295674273.0,2025-10-12,3500.62,17.47285962,47.25505808,35.47805108,0.208086364,3465.4960779435187,0,1
,3209.62,3275.43,3168.71,3274.85,1471858349.0,2025-10-13,3494.4834,14.11131208,42.68504271,38.44425935,0.067154545,3452.8398912281273,0,1
,3277.58,3278.24,3201.15,3218.53,1080796579.0,2025-10-14,3481.452464,12.56226446,36.36746563,40.48577024,0.0631875,3467.709652949987,1,1
,3219.06,3219.78,3162.27,3180.51,1108478426.0,2025-10-15,3468.942765,11.03873927,40.15596541,43.76370911,0.052022222,3479.498434453257,1,1
,3187.93,3197.35,3132.37,3147.74,1051515926.0,2025-10-16,3450.5424,9.424441387,41.01266362,47.53675449,0.138644522,3471.071415842085,1,1
,3149.58,3169.78,3136.24,3169.78,912423477.0,2025-10-19,3425.088608,8.611881102,37.47661727,50.5551908,0.373315179,3472.8463053219043,1,1
,3170.33,3172.33,3118.72,3159.17,842553426.4,2025-10-26,3401.671119,7.346371059,36.77182671,53.78352603,0.261147059,3477.3669230257756,1,1
,3157.01,3287.22,3151.37,3282.49,1969618683.0,2025-10-28,3373.376007,31.87490732,25.09217803,45.4081009,0.256445455,3469.163471407945,1,1
,3281.97,3333.23,3266.29,3283.04,2356697926.0,2025-10-29,3347.910406,37.90586811,20.9864543,42.07236172,0.094690909,3472.1924008520587,1,1
,3284.75,3372.01,3260.16,3370.81,2703834784.0,2025-10-30,3118.72,37.08203843,15.6410775,41.79130887,0.143736768,3470.4943048462624,0,0
,3380.55,3426.88,3355.41,3410.77,3376581864.0,2025-11-02,3123.7858,43.79183381,12.99696965,44.27844699,0.105371429,3468.477490097728,0,0
,3414.33,3424.45,3353.93,3374.88,2572685530.0,2025-11-03,3135.909568,36.23644791,11.11669517,46.03229736,0.179925,3459.4917854405644,0,0
,3378.02,3390.51,3324.08,3333.77,2256286180.0,2025-11-04,3147.548385,30.11787888,16.82687628,42.48823939,0.189429412,3362.201343498273,0,1
,3341.92,3346.97,3298.5,3346.9,2029083822.0,2025-11-05,3158.72165,26.09866339,21.62412325,35.86581316,0.103514286,3364.3476686529057,0,1
,3350.87,3357.63,3308.73,3323.97,2147219791.0,2025-11-06,3169.447984,25.47938459,18.50918122,31.86174833,0.245361538,3355.69590440009,0,1
,3328.88,3333.15,3273.27,3284.57,1936219947.0,2025-11-09,3179.745265,20.87630886,25.86366759,27.62348563,0.099895238,3356.5177385651964,1,1
,3286.53,3304.97,3258.41,3294.94,1682055727.0,2025-11-10,3189.630654,17.75815085,26.76763624,26.14565033,0.280505882,3357.9478021026607,1,1
,3301.22,3330.33,3291.19,3320.32,1855018075.0,2025-11-11,3199.120628,24.13884271,23.13637435,21.34061915,0.2596875,3364.3655867730113,1,1
,3327.38,3329.52,3283.41,3296.94,1765309823.0,2025-11-12,3208.231003,20.11954621,22.09342537,18.00769561,0.233815385,3365.364404726217,1,1
,3287.52,3321.11,3275.31,3304.68,1723032745.0,2025-11-13,3216.976963,16.67271317,21.33828536,16.86101028,0.224532937,3369.841320102,1,1
,3311.63,3312.13,3277.54,3288.46,1744166411.0,2025-11-16,3225.373084,14.35159462,18.36764169,15.94366201,0.162088889,3375.149015126809,1,1
,3291.32,3317.88,3275.22,3317.43,1911657505.0,2025-11-17,3233.433361,14.19735066,15.12212302,13.38575427,0.24610625,3371.794551685973,1,1
,3316.94,3360.27,3311.28,3348.46,2098076476.0,2025-11-18,3241.171226,28.83172224,12.06251842,18.90985794,0.0236,3374.319101155453,1,1
,3354.35,3362.03,3322.29,3343.71,2064107595.0,2025-11-19,3248.599577,24.67757405,10.00909785,23.58558806,0.125253846,3375.4041719633333,1,1
,3340.66,3365.14,3320.3,3347.03,2624929875.0,2025-11-20,3255.730794,21.24255165,8.071218345,27.85491832,0.157076623,3376.868425203494,1,1
,3347.23,3397.13,3337.85,3391.59,2894038983.0,2025-11-23,3262.576762,29.1741747,6.114783041,35.3528339,0.051063636,3379.632532210925,0,1
,3392.94,3426.04,3390.05,3418.88,2500473509.0,2025-11-24,3269.148892,37.12206941,5.164711838,43.39685217,0.227088235,3378.0392984516197,0,1
,3423.45,3434.79,3399.28,3425.46,2432643080.0,2025-11-25,3275.458136,35.11497537,4.334172619,50.32278847,0.245526667,3422.1089496189106,0,1
,3435.64,3446.2,3411.32,3435.32,2458422749.0,2025-11-26,3285.018048,34.71877506,3.61951195,56.48183676,0.236193333,3421.4714509123523,0,0
,3432.35,3442.87,3420.28,3435.92,2588858270.0,2025-11-27,3297.912604,30.63002307,3.193250174,61.40907538,0.289382222,3421.176433096133,0,0
,3437.87,3449.57,3386.1,3390.75,3002195283.0,2025-11-30,3309.775596,21.6679792,18.01556526,50.96803032,0.220454545,3423.331659052449,0,1
,3394.63,3408.35,3373.22,3398.5,1868912396.0,2025-12-01,3323.755036,18.02012686,21.1550403,42.37488377,0.205620833,3423.14876389955,0,1
,3397.64,3430.36,3386.13,3422.39,2482485482.0,2025-12-02,3336.336533,24.66878997,16.72398305,37.7386481,0.285709091,3428.2178103759834,0,1
,3432.55,3442.58,3395.19,3405.27,2274601008.0,2025-12-03,3347.659879,24.91354502,13.06024371,36.43380427,0.176983929,3428.5205019108002,0,1
,3403.21,3403.44,3355.22,3363.48,2136072162.0,2025-12-07,3449.57,19.32467076,28.04551456,32.82904033,0.091907143,3426.7229266082077,0,1
,3366.1,3376.5,3344.28,3367.76,2234205647.0,2025-12-08,3447.683,16.36965499,28.94901571,31.81474581,0.176086667,3429.640555689688,0,1
,3369.51,3396.24,3359.47,3396.24,1772634083.0,2025-12-09,3443.54688,23.05184117,23.7650263,25.75646681,0.137966667,3431.677591262764,0,1
,3394.02,3400.01,3366.27,3373.55,1579010395.0,2025-12-10,3439.576205,21.02783781,19.71553607,21.24935267,0.066054545,3435.282935202382,0,0
,3369.46,3379.89,3355.15,3361.16,1549971320.0,2025-12-11,3435.764357,18.18733201,23.12394204,19.38943991,0.224293277,3435.9451756447966,0,0
,3357.11,3367.01,3319.47,3329.78,1542027923.0,2025-12-14,3432.104982,13.73181193,35.8453858,24.43241671,-0.043476471,3434.112507629507,0,1
,3326.69,3336.54,3315.12,3332.07,1283221373.0,2025-12-15,3425.346883,12.06688599,33.96155636,29.05947293,0.162371429,3436.172180477335,0,1
,3326.98,3357.97,3321.75,3357.92,1354413878.0,2025-12-16,3416.528733,21.67495308,27.03353896,25.44784596,0.174291667,3438.0813859529594,0,0
,3353.64,3372.7,3351.61,3362.51,1675818675.0,2025-12-17,3408.416034,27.90227017,23.53859604,22.05485556,0.163476471,3363.729270538813,0,0
,3363.03,3367.25,3337.45,3343.72,2019266343.0,2025-12-18,3400.952351,22.71538159,27.99601689,19.72650708,0.104800649,3359.866604656549,1,1
,3341.47,3342.31,3303.77,3314.79,1773517787.0,2025-12-21,3394.085763,17.31996558,41.37076243,23.97697957,0.088611111,3357.93268463301,1,1
,3317.26,3317.26,3286.8,3292.9,1419719383.0,2025-12-22,3385.054187,14.12289779,44.01806668,29.46526889,0.233822222,3354.4784398059137,1,1
,3293.13,3302.74,3274.05,3302.68,1237612390.0,2025-12-23,3373.263685,11.601556,44.09349592,35.24001639,0.019172,3357.7878300419743,1,1
,3300.78,3314.76,3286.01,3292.94,1294522870.0,2025-12-24,3359.373769,17.12214725,36.03506435,35.30785555,0.091006579,3358.0463098751975,1,1
,3294.87,3358.2,3293.0,3357.97,2334976828.0,2025-12-28,3274.05,34.00569803,23.72983074,31.80591835,0.0878,3354.780586739682,1,0
,3360.48,3366.47,3320.16,3331.65,1743670405.0,2025-12-29,3275.733,30.25161882,18.21305739,30.41270821,0.0878,3350.144140520986,1,1
,3336.56,3361.72,3330.81,3339.43,2171029453.0,2025-12-31,3279.36248,25.33709392,15.25425626,29.2981401,0.0878,3348.4833892840884,0,1
,3334.09,3345.91,3318.47,3329.15,1772221383.0,2026-01-01,3282.846781,21.46716695,19.79309683,24.24998053,0.0878,3352.1585575210415,1,1
,3324.66,3324.66,3304.06,3312.57,1659679678.0,2026-01-04,3286.19171,18.2765995,25.38738028,22.65703099,0.0878,3350.657142628107,0,0
,3311.47,3360.75,3307.36,3360.38,2354401047.0,2026-01-05,3289.402841,32.25027765,18.19450282,23.69836183,0.0878,3348.1700307834863,0,0
,3354.71,3386.39,3353.05,3365.15,2691937986.0,2026-01-06,3292.485528,40.33737531,14.89939832,28.16921185,0.0878,3345.3685534702768,0,0
,3367.92,3370.11,3324.85,3338.35,1847726902.0,2026-01-07,3298.119796,30.85506052,26.04367071,24.22658111,0.0878,3345.042626888256,0,0
,3337.32,3350.33,3321.15,3349.06,2197966847.0,2026-01-08,3303.416008,25.94067944,23.91518437,20.19380525,0.0878,3346.9388847766777,0,0
